"","rule.id","a.rule","p.rule","qk","qK","tk","tK","AHRk.H1","AHRK.H1","gk","H0.pr.S","H1.pr.S","H0.cpk","H1.cpk","H1.pow.nbind","H1.pow.bind","H1.powloss","H0.AE","H1.AE","H0.AN","H1.AN","H0.AL","H1.AL"
"tmp",2,0,0,0.1,1,14.775526356567,64.880520736181,0.82471085102567,0.750000735721012,0.05,0.00000000000000083593411342146,0.00000000000000000256718882544002,0.05,0.05,0.900085213430627,0.900085213430627,0,508,508,680,680,61.7299288904674,64.880520736181
"tmp.1",3,0,0,0.1,1,14.775526356567,64.880520736181,0.82471085102567,0.750000735721012,0.1,0.0000000000031293516188957,0.0000000000000200855230601736,0.1,0.1,0.900085213430627,0.900085213430625,0.00000000000000233146835171283,507.999999998569,507.999999999991,679.999999998374,679.99999999999,61.7299288903185,64.88052073618
"tmp.2",4,0,0,0.1,1,14.775526356567,64.880520736181,0.82471085102567,0.750000735721012,0.15,0.000000000417102274545155,0.00000000000439367194610277,0.15,0.15,0.900085213430627,0.900085213429897,0.00000000000072997163869104,507.999999809301,507.999999997991,679.999999783255,679.999999997748,61.7299288706213,64.8805207359608
"tmp.3",5,0,0,0.1,1,14.775526356567,64.880520736181,0.82471085102567,0.750000735721012,0.2,0.0000000139728919859733,0.000000000217880575605355,0.2,0.2,0.900085213430627,0.90008521338312,0.0000000000475075534467351,507.999993611594,507.999999900385,679.999992739064,679.999999888327,61.7299282256245,64.8805207252641
"tmp.4",6,0,0,0.1,1,14.775526356567,64.880520736181,0.82471085102567,0.750000735721012,0.25,0.000000218091894523059,0.00000000475473067939509,0.25,0.25,0.900085213430627,0.900085212151511,0.00000000127911636838007,507.999900288386,507.999997826137,679.999886669752,679.999997562991,61.7299185134562,64.8805204979452
"tmp.5",7,0,0,0.1,1,14.775526356567,64.880520736181,0.82471085102567,0.750000735721012,0.3,0.00000209045814563243,0.0000000614981202295409,0.3,0.3,0.900085213430627,0.900085193800777,0.0000000196298504118175,507.999044242536,507.999971883059,679.998913704975,679.999968479505,61.7298294245625,64.880517654818
"tmp.6",8,0,0,0.1,1,14.775526356567,64.880520736181,0.82471085102567,0.750000735721012,0.35,0.000014262080439546,0.000000553081728431962,0.35,0.35,0.900085213430627,0.9000850095369,0.000000203893727346305,507.993479376823,507.999747131034,679.992588788704,679.999716521259,61.729250287674,64.8804930240241
"tmp.7",9,0,0,0.1,1,14.775526356567,64.880520736181,0.82471085102567,0.750000735721012,0.4,0.0000756214391990325,0.00000380582528007744,0.4,0.4,0.900085213430627,0.900083624723087,0.000001588707540634,507.965425877998,507.998259976682,679.960703736963,679.998049346956,61.7263307534282,64.8803300453267
"tmp.8",10,0,0,0.1,1,14.775526356567,64.880520736181,0.82471085102567,0.750000735721012,0.45,0.00032965617118901,0.0000213126524043402,0.45,0.45,0.900085213430627,0.900075290273993,0.00000992315663428389,507.849281198532,507.990255855321,679.82869599214,679.989076327148,61.7142435492159,64.8794528658521
"tmp.9",11,0,0,0.1,1,14.775526356567,64.880520736181,0.82471085102567,0.750000735721012,0.5,0.00122691088446542,0.000101287069885639,0.5,0.5,0.900085213430627,0.900033238862847,0.0000519745677800554,507.439056343622,507.953691551648,679.362442538121,679.948085916545,61.6715513517166,64.8754457481136
"tmp.10",12,0,0,0.1,1,14.775526356567,64.880520736181,0.82471085102567,0.750000735721012,0.55,0.00400089320815805,0.000420704820848103,0.55,0.55,0.900085213430627,0.899849590811695,0.00023562261893173,506.17079162523,507.807653755908,677.920957951113,679.784370253736,61.5395627430525,64.8594413234969
"tmp.11",13,0,0,0.1,1,14.775526356567,64.880520736181,0.82471085102567,0.750000735721012,0.6,0.0116360740301985,0.00155958314749464,0.6,0.6,0.900085213430627,0.899139550803809,0.000945662626817945,502.679986953393,507.286958584965,673.953378424744,679.200644961249,61.1762738767202,64.8023778313412
"tmp.12",14,0,0,0.1,1,14.775526356567,64.880520736181,0.82471085102567,0.750000735721012,0.65,0.0305330144868865,0.00523627195298446,0.65,0.65,0.900085213430627,0.896671341291484,0.00341387213914324,494.040305776596,505.605976463095,664.133687730513,677.316180046821,60.2771402169329,64.6181573594066
"tmp.13",15,0,0,0.1,1,14.775526356567,64.880520736181,0.82471085102567,0.750000735721012,0.7,0.0727271485882489,0.0160732979810043,0.7,0.7,0.900085213430627,0.88888512411993,0.0112000893106967,474.749147665453,500.651288163085,642.207739086289,671.761727003077,58.2695048379111,64.0751682311809
"tmp.14",16,0,0,0.1,1,14.775526356567,64.880520736181,0.82471085102567,0.750000735721012,0.75,0.157325858335438,0.0452929355279378,0.75,0.75,0.900085213430627,0.866534740198883,0.0335504732317444,436.070617569038,487.292069876627,598.246487012044,656.785376084475,54.2442210792722,62.6111184561175
"tmp.15",17,0,0,0.1,1,14.775526356567,64.880520736181,0.82471085102567,0.750000735721012,0.8,0.307090367564121,0.116842328167047,0.8,0.8,0.900085213430627,0.808543646106091,0.0915415673245364,367.598283949684,454.579687562026,520.422187307562,620.113161706216,47.1182891540659,59.0261365400701
"tmp.16",18,0,0,0.1,1,14.775526356567,64.880520736181,0.82471085102567,0.750000735721012,0.85,0.532009303012312,0.272096573202268,0.85,0.85,0.900085213430627,0.675785130960999,0.224300082469628,264.765346662771,383.597446731923,403.544305280084,540.538524563117,36.4164410930788,51.2471234651691
"tmp.17",19,0,0,0.15,1,18.7279162445964,64.880520736181,0.805625114886891,0.750000735721012,0.05,0.00000000118522584390674,0.00000000000236418993953031,0.05,0.05,0.900085213430627,0.90008521343049,0.000000000000137667655053519,507.999999488219,507.999999998979,679.999999434063,679.999999998894,61.7299288384815,64.8805207360719
"tmp.18",20,0,0,0.15,1,18.7279162445964,64.880520736181,0.805625114886891,0.750000735721012,0.1,0.000000165125026948158,0.000000000730238573332419,0.0999999999999999,0.0999999999999999,0.900085213430627,0.900085213348566,0.0000000000820613577090512,507.999928699013,507.999999684683,679.999921153958,679.999999658431,61.7299216478092,64.8805207024786
"tmp.19",21,0,0,0.15,1,18.7279162445964,64.880520736181,0.805625114886891,0.750000735721012,0.15,0.00000306560309296346,0.000000023123084692913,0.15,0.15,0.900085213430627,0.90008520962193,0.00000000380869713545451,507.998676272584,507.999990015452,679.998536196029,679.999989184171,61.7297944280182,64.8805196689904
"tmp.20",22,0,0,0.15,1,18.7279162445964,64.880520736181,0.805625114886891,0.750000735721012,0.2,0.000024740198288435,0.000000284540589922242,0.2,0.2,0.900085213430627,0.900085152028587,0.0000000614020405631521,507.989317182379,507.999877135373,679.988186728879,679.999866906059,61.7288437442318,64.8805076038917
"tmp.21",23,0,0,0.15,1,18.7279162445964,64.880520736181,0.805625114886891,0.750000735721012,0.25,0.000126001693945516,0.00000207652315389196,0.25,0.25,0.900085213430627,0.900084661344118,0.00000055208650873162,507.945592468554,507.999103357302,679.939835075092,679.999028705708,61.724402246652,64.8804248992292
"tmp.22",24,0,0,0.15,1,18.7279162445964,64.880520736181,0.805625114886891,0.750000735721012,0.3,0.000478398823311942,0.0000108670324845135,0.3,0.3,0.900085213430627,0.900081789280997,0.00000342414963039328,507.793427388094,507.995307615373,679.771567918021,679.994916942485,61.7089455225825,64.8800191943287
"tmp.23",25,0,0,0.15,1,18.7279162445964,64.880520736181,0.805625114886891,0.750000735721012,0.35,0.00148003345291663,0.0000451624278522215,0.35,0.35,0.900085213430627,0.900068794001363,0.000016419429264336,507.360921555031,507.980498863653,679.293294409238,679.978875261611,61.6650121621829,64.8784363725105
"tmp.24",26,0,0,0.15,1,18.7279162445964,64.880520736181,0.805625114886891,0.750000735721012,0.4,0.00393384946537665,0.000158465828216173,0.4,0.4,0.900085213430627,0.900020029836354,0.0000651835942729884,506.30136380085,507.931574455376,678.121614477753,679.925877564076,61.5573837116047,64.8732071254859
"tmp.25",27,0,0,0.15,1,18.7279162445964,64.880520736181,0.805625114886891,0.750000735721012,0.45,0.00929274272079138,0.000488444386338412,0.45,0.45,0.900085213430627,0.899861275521262,0.000223937909365479,503.987393693162,507.789089713979,675.562780542994,679.771530000275,61.3223337425096,64.8579777556022
"tmp.26",28,0,0,0.15,1,18.7279162445964,64.880520736181,0.805625114886891,0.750000735721012,0.5,0.0199584137183955,0.001358941348843,0.5,0.5,0.900085213430627,0.899398974208185,0.000686239222442597,499.381956956397,507.41320912557,670.469997465432,679.364354800095,60.8545196773886,64.8178020535806
"tmp.27",29,0,0,0.15,1,18.7279162445964,64.880520736181,0.805625114886891,0.750000735721012,0.55,0.0395890697092172,0.00347916622065352,0.55,0.55,0.900085213430627,0.898168606606617,0.00191660682401029,490.90543969956,506.497696025922,661.096496946434,678.372619017212,59.9934864632455,64.7199481536387
"tmp.28",30,0,0,0.15,1,18.7279162445964,64.880520736181,0.805625114886891,0.750000735721012,0.6,0.073317303577181,0.00831292648127959,0.6,0.6,0.900085213430627,0.895129299419514,0.00495591401111306,476.341588315373,504.410478345383,644.991501891043,676.111626289471,58.5141100415772,64.4968575281229
"tmp.29",31,0,0,0.15,1,18.7279162445964,64.880520736181,0.805625114886891,0.750000735721012,0.65,0.127693411423129,0.0187297935326476,0.65,0.65,0.900085213430627,0.88808270197008,0.0120025114605474,452.861984947493,499.912475152603,619.02729186396,671.23913378279,56.1290835333913,64.0160919830597
"tmp.30",32,0,0,0.15,1,18.7279162445964,64.880520736181,0.805625114886891,0.750000735721012,0.7,0.210039079001302,0.0400899865154424,0.7,0.7,0.900085213430627,0.8726317077108,0.027453505719827,417.305125687238,490.689143822632,579.707813281984,661.247897479525,52.5172656268098,63.0302634444608
"tmp.31",33,0,0,0.15,1,18.7279162445964,64.880520736181,0.805625114886891,0.750000735721012,0.75,0.326715175804737,0.0819068672501628,0.75,0.75,0.900085213430627,0.840457577970517,0.0596276354601101,366.924387087515,472.63261472138,523.995795586139,641.68803970003,47.3996580088422,61.1003054868395
"tmp.32",34,0,0,0.15,1,18.7279162445964,64.880520736181,0.805625114886891,0.750000735721012,0.8,0.479603275755131,0.159988190329513,0.8,0.8,0.900085213430627,0.776857189584637,0.12322802384599,300.907305528934,438.917099415716,450.992800428783,605.165478766909,40.6937317185508,57.4966490645786
"tmp.33",35,0,0,0.15,1,18.7279162445964,64.880520736181,0.805625114886891,0.750000735721012,0.85,0.660048826454374,0.297792297323042,0.85,0.85,0.900085213430627,0.658533755950197,0.24155145748043,222.990916737001,379.41328601591,364.831315864991,540.707568782586,32.7790898151406,51.1366306171903
"tmp.34",36,0,0,0.2,1,22.2419765530531,64.880520736181,0.793986556446158,0.750000735721012,0.05,0.00000125952050218282,0.0000000021892882174622,0.05,0.05,0.900085213430627,0.900085213305071,0.000000000125556565144791,507.999488130868,507.999999110273,679.999445927952,679.99999906315,61.7298778228764,64.8805206428329
"tmp.35",37,0,0,0.2,1,22.2419765530531,64.880520736181,0.793986556446158,0.750000735721012,0.1,0.0000344607722672769,0.000000135471666225232,0.1,0.1,0.900085213430627,0.900085198471337,0.000000014959290250971,507.985995142151,507.999944944315,679.984840460609,679.999942028387,61.7285316693651,64.8805149598664
"tmp.36",38,0,0,0.2,1,22.2419765530531,64.880520736181,0.793986556446158,0.750000735721012,0.15,0.000241743540189963,0.00000164065490211514,0.15,0.15,0.900085213430627,0.900084948178921,0.000000265251706044189,507.901755425267,507.999333237848,679.893655293283,679.999297923956,61.7201273348581,64.8804507810445
"tmp.37",39,0,0,0.2,1,22.2419765530531,64.880520736181,0.793986556446158,0.750000735721012,0.2,0.000967218822088604,0.0000100962125005588,0.2,0.2,0.900085213430627,0.900083076487528,0.00000213694309880719,507.606922270703,507.99589689924,679.574513544868,679.995679585679,61.6907127481721,64.8800902483782
"tmp.38",40,0,0,0.2,1,22.2419765530531,64.880520736181,0.793986556446158,0.750000735721012,0.25,0.00283869107673393,0.0000427405591391326,0.25,0.25,0.900085213430627,0.900074073369003,0.0000111400616237267,506.846355946415,507.982630236766,678.75123955834,679.981710277613,61.6148334119103,64.8786983409617
"tmp.39",41,0,0,0.2,1,22.2419765530531,64.880520736181,0.793986556446158,0.750000735721012,0.3,0.0068377439405025,0.000142640782903349,0.3,0.3,0.900085213430627,0.900041167164346,0.0000440462662808505,505.22114086258,507.942030785828,676.992027694353,679.938960547713,61.4526907585927,64.8744387408569
"tmp.40",42,0,0,0.2,1,22.2419765530531,64.880520736181,0.793986556446158,0.750000735721012,0.35,0.0143524326892565,0.000403837835521098,0.35,0.35,0.900085213430627,0.8999413640169,0.000143849413727137,502.167171355086,507.835880303644,673.686262541623,679.82718799076,61.1480057208883,64.8633016787883
"tmp.41",43,0,0,0.2,1,22.2419765530531,64.880520736181,0.793986556446158,0.750000735721012,0.4,0.0272042882336244,0.00101364805076705,0.4,0.4,0.900085213430627,0.899676754104093,0.000408459326534438,496.944177261855,507.588053432168,668.032639666884,679.566235402165,60.6269238475031,64.8373002589822
"tmp.42",44,0,0,0.2,1,22.2419765530531,64.880520736181,0.793986556446158,0.750000735721012,0.45,0.0476382225050269,0.00232135069753893,0.45,0.45,0.900085213430627,0.899042683020489,0.0010425304101378,488.639826373957,507.05660307652,659.043606307547,679.006637707249,59.7984245919667,64.7815417218995
"tmp.43",45,0,0,0.2,1,22.2419765530531,64.880520736181,0.793986556446158,0.750000735721012,0.5,0.0782597063615423,0.00494703115085627,0.5,0.5,0.900085213430627,0.897638020371997,0.00244719305863061,476.195255334669,505.989526540292,645.572997258762,677.883045327216,58.5568684510109,64.6695865298799
"tmp.44",46,0,0,0.2,1,22.2419765530531,64.880520736181,0.793986556446158,0.750000735721012,0.55,0.121897705833442,0.00995108266097994,0.55,0.55,0.900085213430627,0.894714544907519,0.0053706685231083,458.460772349289,503.955880006578,626.376330196138,675.741690259061,56.7875542506531,64.4562210584708
"tmp.45",47,0,0,0.2,1,22.2419765530531,64.880520736181,0.793986556446158,0.750000735721012,0.6,0.181363527776939,0.0190947177451107,0.6,0.6,0.900085213430627,0.888930027502664,0.0111551859279636,434.293862311452,500.239906708387,600.216891191844,671.828906929562,54.3764968127812,64.0663497699417
"tmp.46",48,0,0,0.2,1,22.2419765530531,64.880520736181,0.793986556446158,0.750000735721012,0.65,0.259063818909949,0.0352356814290457,0.65,0.65,0.900085213430627,0.877951260846228,0.0221339525843988,402.716463994997,493.680219067236,566.035979197704,664.921796896907,51.2261180113401,63.378122576746
"tmp.47",49,0,0,0.2,1,22.2419765530531,64.880520736181,0.793986556446158,0.750000735721012,0.7,0.356408956153278,0.0629206799507978,0.7,0.7,0.900085213430627,0.857828194356201,0.0422570190744264,363.155400219308,482.429035667996,523.213159351691,653.074714232693,47.2792337420163,62.1976745440665
"tmp.48",50,0,0,0.2,1,22.2419765530531,64.880520736181,0.793986556446158,0.750000735721012,0.75,0.472934323240489,0.109249275552726,0.75,0.75,0.900085213430627,0.82203366926241,0.0780515441682175,315.799491035065,463.601094415372,471.952819661654,633.24958397734,42.554681993899,60.2222906735514
"tmp.49",51,0,0,0.2,1,22.2419765530531,64.880520736181,0.793986556446158,0.750000735721012,0.8,0.605021806521415,0.185054974635037,0.8,0.8,0.900085213430627,0.760069293974015,0.140015919456612,262.119137829697,432.793658308321,413.846594115806,600.810485859236,37.1991601393979,56.9900460238974
"tmp.50",52,0,0,0.2,1,22.2419765530531,64.880520736181,0.793986556446158,0.750000735721012,0.85,0.744085222463023,0.306202623886205,0.85,0.85,0.900085213430627,0.655747269020407,0.24433794441022,205.603765591027,383.559253652646,352.671606061157,548.968467008264,31.5607972549079,51.8244866286194
"tmp.51",53,0,0,0.25,1,25.4830705403008,64.880520736181,0.785970905031603,0.750000735721012,0.05,0.0000747012382872451,0.000000130869874817154,0.05,0.05,0.900085213430627,0.900085206107799,0.00000000732282845472554,507.971538828213,507.999950138578,679.969736008388,679.999948804769,61.7271293104361,64.8805155802416
"tmp.52",54,0,0,0.25,1,25.4830705403008,64.880520736181,0.785970905031603,0.750000735721012,0.1,0.000781290386165762,0.00000309428911351162,0.0999999999999999,0.0999999999999999,0.900085213430627,0.90008488027666,0.000000333153967524424,507.702328362871,507.998821075848,679.683472908406,679.998789539264,61.7006484526336,64.8803988290798
"tmp.53",55,0,0,0.25,1,25.4830705403008,64.880520736181,0.785970905031603,0.750000735721012,0.15,0.00308839472662886,0.0000210824751308047,0.15,0.15,0.900085213430627,0.900081890719832,0.00000332271079495072,506.823321609154,507.991967576975,678.748787111908,679.991752707188,61.6141850500201,64.879690140417
"tmp.54",56,0,0,0.25,1,25.4830705403008,64.880520736181,0.785970905031603,0.750000735721012,0.2,0.00817916299660096,0.0000856862281988219,0.2,0.2,0.900085213430627,0.900067534095963,0.0000176793346641224,504.883738898295,507.967353547056,676.686345153061,679.966480244397,61.4233982100758,64.8771449172731
"tmp.55",57,0,0,0.25,1,25.4830705403008,64.880520736181,0.785970905031603,0.750000735721012,0.25,0.0173715058149367,0.000261803008429555,0.25,0.25,0.900085213430627,0.900018688766944,0.0000665246636835093,501.381456284509,507.900253053788,672.962216981589,679.897584792291,61.0788965661216,64.8702063651953
"tmp.56",58,0,0,0.25,1,25.4830705403008,64.880520736181,0.785970905031603,0.750000735721012,0.3,0.0320575367121674,0.000667336887255156,0.3,0.3,0.900085213430627,0.899884281909999,0.000200931520628389,495.786078512664,507.745744645956,667.012410444524,679.738943237017,60.5285078472451,64.8542293644015
"tmp.57",59,0,0,0.25,1,25.4830705403008,64.880520736181,0.785970905031603,0.750000735721012,0.35,0.0536459959988389,0.00150104294361062,0.35,0.35,0.900085213430627,0.899563731344413,0.000521482086213831,487.560875524442,507.428102638484,658.266197319422,679.412804208127,59.7194366603154,64.8213834715682
"tmp.58",60,0,0,0.25,1,25.4830705403008,64.880520736181,0.785970905031603,0.750000735721012,0.4,0.0835011200685949,0.00308188394852389,0.4,0.4,0.900085213430627,0.898873613683551,0.00121159974707619,476.186073253865,506.825802215612,646.170879421879,678.794392063653,58.6005554865225,64.7591023668095
"tmp.59",61,0,0,0.25,1,25.4830705403008,64.880520736181,0.785970905031603,0.750000735721012,0.45,0.122873351120679,0.00590482830963602,0.45,0.45,0.900085213430627,0.897496994539018,0.00258821889160921,461.185253223021,505.750260414029,630.219860434392,677.690079188,57.1250014747063,64.6478855569369
"tmp.60",62,0,0,0.25,1,25.4830705403008,64.880520736181,0.785970905031603,0.750000735721012,0.5,0.172817309329988,0.0107204383444126,0.5,0.5,0.900085213430627,0.89490704083436,0.00517817259626674,442.156605145275,503.915512990779,609.985878147408,675.80625170674,55.2532506002324,64.458162800429
"tmp.61",63,0,0,0.25,1,25.4830705403008,64.880520736181,0.785970905031603,0.750000735721012,0.55,0.234091483187,0.0186494243256757,0.55,0.55,0.900085213430627,0.890252075033555,0.00983313839707245,418.811144905753,500.894569331918,585.161643286477,672.704496875649,52.9568769724378,64.1457809701284
"tmp.62",64,0,0,0.25,1,25.4830705403008,64.880520736181,0.785970905031603,0.750000735721012,0.6,0.307032161249252,0.0313495297108393,0.6,0.6,0.900085213430627,0.88218200046995,0.0179032129606768,391.020746564035,496.05582918017,555.610914012537,667.736318936264,50.2232774972906,63.6454292007339
"tmp.63",65,0,0,0.25,1,25.4830705403008,64.880520736181,0.785970905031603,0.750000735721012,0.65,0.391390835192792,0.0512623702317566,0.65,0.65,0.900085213430627,0.86858401495325,0.0315011984773769,358.880091791546,488.469036941701,521.434369430834,659.946577671433,47.0617655269827,62.8609140580526
"tmp.64",66,0,0,0.25,1,25.4830705403008,64.880520736181,0.785970905031603,0.750000735721012,0.7,0.486118748966566,0.0819852294502083,0.7,0.7,0.900085213430627,0.84617509495003,0.0539101184805976,322.788756643738,476.763627579471,483.056895996534,647.928045007739,43.5116453162441,61.6505117421186
"tmp.65",67,0,0,0.25,1,25.4830705403008,64.880520736181,0.785970905031603,0.750000735721012,0.75,0.589072606645321,0.128842629028764,0.75,0.75,0.900085213430627,0.809863388783797,0.0902218246468304,283.563336868133,458.910958340041,441.346815191196,629.597811374002,39.6532412159308,59.804449675914
"tmp.66",68,0,0,0.25,1,25.4830705403008,64.880520736181,0.785970905031603,0.750000735721012,0.8,0.696597781737615,0.199782354419662,0.8,0.8,0.900085213430627,0.751730317122155,0.148354896308473,242.596245157969,431.882922966109,397.78473949218,601.846767738977,35.6235177474081,57.0096053779167
"tmp.67",69,0,0,0.25,1,25.4830705403008,64.880520736181,0.785970905031603,0.750000735721012,0.85,0.802910935527965,0.306788426750442,0.85,0.85,0.900085213430627,0.659396429673766,0.240688783756862,202.090933563845,391.113609408081,354.713694509076,559.986862501099,31.6392172291909,52.793838972608
"tmp.68",70,0,0,0.3,1,28.5361068866636,64.880520736181,0.780036507833347,0.750000735721012,0.05,0.00104364914033994,0.00000200498273607792,0.05,0.05,0.900085213430627,0.900085104745874,0.000000108684752864185,507.628878365695,507.999287028139,679.611469231474,679.999285041625,61.6938413250334,64.8804478662587
"tmp.69",71,0,0,0.3,1,28.5361068866636,64.880520736181,0.780036507833347,0.750000735721012,0.1,0.00582506508298443,0.0000249695177609177,0.1,0.1,0.900085213430627,0.900082608117325,0.00000260531330209535,505.928606856491,507.991120839484,677.831438817962,679.99109609997,61.5285083083823,64.8796132336939
"tmp.70",72,0,0,0.3,1,28.5361068866636,64.880520736181,0.780036507833347,0.750000735721012,0.15,0.0158511521958676,0.000115938390140348,0.15,0.15,0.900085213430627,0.900067497659396,0.0000177157712313303,502.363330279149,507.958772308466,674.098916861384,679.958657438029,61.1818237179881,64.8763070233487
"tmp.71",73,0,0,0.3,1,28.5361068866636,64.880520736181,0.780036507833347,0.750000735721012,0.2,0.0321161741046062,0.000357310458637805,0.2,0.2,0.900085213430627,0.900013701213932,0.0000715122166954352,496.579488488402,507.872940400908,668.043757883105,679.872586381773,60.6194076533066,64.8675344969995
"tmp.72",74,0,0,0.3,1,28.5361068866636,64.880520736181,0.780036507833347,0.750000735721012,0.25,0.0553263684699782,0.000878176653813931,0.25,0.25,0.900085213430627,0.899868640938204,0.000216572492423683,488.325943372076,507.687720381904,659.403043005028,679.686850294471,59.8168396488667,64.8486039204418
"tmp.73",75,0,0,0.3,1,28.5361068866636,64.880520736181,0.780036507833347,0.750000735721012,0.3,0.0859693201189764,0.00186971723720045,0.3,0.3,0.900085213430627,0.899538523484876,0.000546689945751355,477.429309765692,507.335128550452,647.995253649471,679.333276055894,58.7572598725002,64.8125669591306
"tmp.74",76,0,0,0.3,1,28.5361068866636,64.880520736181,0.780036507833347,0.750000735721012,0.35,0.124341789753957,0.0036059648142214,0.35,0.35,0.900085213430627,0.898867921002517,0.00121729242810986,463.784059563493,506.717718912063,633.709911438886,678.714146163169,57.4304068571578,64.7494640586461
"tmp.75",77,0,0,0.3,1,28.5361068866636,64.880520736181,0.780036507833347,0.750000735721012,0.4,0.170558606970648,0.0064720448430854,0.4,0.4,0.900085213430627,0.897611242733243,0.00247397069738464,447.349359361238,505.698540853799,616.504267494024,677.692128425434,55.8323099958708,64.6452980599513
"tmp.76",78,0,0,0.3,1,28.5361068866636,64.880520736181,0.780036507833347,0.750000735721012,0.45,0.22454982702131,0.0110031059740297,0.45,0.45,0.900085213430627,0.895392511303747,0.00469270212688067,428.150081511222,504.087295515635,596.404360917054,676.076393763475,53.9653878559174,64.4806192990308
"tmp.77",79,0,0,0.3,1,28.5361068866636,64.880520736181,0.780036507833347,0.750000735721012,0.5,0.2860484401191,0.0179388953021642,0.5,0.5,0.900085213430627,0.891647941540129,0.00843727189049848,406.281174693648,501.62092883055,573.509594384294,673.603155177269,51.8388731696229,64.228542101316
"tmp.78",80,0,0,0.3,1,28.5361068866636,64.880520736181,0.780036507833347,0.750000735721012,0.55,0.354568589032339,0.0283018295694745,0.55,0.55,0.900085213430627,0.885542630417999,0.014542583012628,381.9154097401,497.935869405095,548.000843322477,669.907828274494,49.4695660319255,63.8519073296095
"tmp.79",81,0,0,0.3,1,28.5361068866636,64.880520736181,0.780036507833347,0.750000735721012,0.6,0.429372513143638,0.0435114274859487,0.6,0.6,0.900085213430627,0.875847158868163,0.0242380545624638,355.315134326122,492.527336385997,520.1527620082,664.484225758899,46.8829769171076,63.2991234084484
"tmp.80",82,0,0,0.3,1,28.5361068866636,64.880520736181,0.780036507833347,0.750000735721012,0.65,0.509422427622857,0.0655570562822123,0.65,0.65,0.900085213430627,0.860749961949953,0.0393352514806746,326.849384737312,484.687910786045,490.351698038597,656.622957600864,44.1149906129938,62.4978879519042
"tmp.81",83,0,0,0.3,1,28.5361068866636,64.880520736181,0.780036507833347,0.750000735721012,0.7,0.593310435613825,0.0972683347255272,0.7,0.7,0.900085213430627,0.8375623833842,0.0625228300464271,297.018809095724,473.411380171603,459.121784694087,645.315007812683,41.214289735185,61.345360124463
"tmp.82",84,0,0,0.3,1,28.5361068866636,64.880520736181,0.780036507833347,0.750000735721012,0.75,0.679153889620825,0.14275807907359,0.75,0.75,0.900085213430627,0.802234812222013,0.0978504012086147,266.492876850835,457.235227081431,427.163895908354,629.093784001584,38.2459729476526,59.6920620299683
"tmp.83",85,0,0,0.3,1,28.5361068866636,64.880520736181,0.780036507833347,0.750000735721012,0.8,0.764431913741859,0.208191572875258,0.8,0.8,0.900085213430627,0.748517276242271,0.151567937188356,236.168011473395,433.967076685558,395.416505938411,605.760802844829,35.2972077385381,57.3139200516207
"tmp.84",86,0,0,0.3,1,28.5361068866636,64.880520736181,0.780036507833347,0.750000735721012,0.85,0.845711423952634,0.303230527586682,0.85,0.85,0.900085213430627,0.666389385993943,0.233695827436684,207.265017642444,400.171224390176,365.157686813275,571.87078703487,32.4867041604624,53.8597849497631
"tmp.85",87,0,0,0.35,1,31.4509985793538,64.880520736181,0.77542898344507,0.750000735721012,0.05,0.00637612007007607,0.0000141761174649168,0.05,0.05,0.900085213430627,0.9000844735173,0.000000739913326830433,505.894605152861,507.995319046013,677.826863812633,679.99541324136,61.5271513454991,64.8800468353481
"tmp.86",88,0,0,0.35,1,31.4509985793538,64.880520736181,0.77542898344507,0.750000735721012,0.1,0.0229932479654083,0.000111592376307713,0.0999999999999999,0.0999999999999999,0.900085213430627,0.900073989680953,0.0000112237496738832,500.407629521822,507.963152197343,672.163344060406,679.96389368969,60.9986825647975,64.8767902563647
"tmp.87",89,0,0,0.35,1,31.4509985793538,64.880520736181,0.77542898344507,0.750000735721012,0.15,0.0483087949566487,0.000393714932115893,0.15,0.15,0.900085213430627,0.900027164405015,0.0000580490256126831,492.048435905315,507.869995329415,663.535192352937,679.872611427562,60.1935809650792,64.8673590341344
"tmp.88",90,0,0,0.35,1,31.4509985793538,64.880520736181,0.77542898344507,0.750000735721012,0.2,0.0813582633960804,0.000995097056044565,0.2,0.2,0.900085213430627,0.899892868632673,0.000192344797953714,481.135501426614,507.671418952094,652.271132854429,679.678031024311,59.1425201320017,64.8472551170978
"tmp.89",91,0,0,0.35,1,31.4509985793538,64.880520736181,0.77542898344507,0.750000735721012,0.25,0.121356712155412,0.00209210293013287,0.25,0.25,0.900085213430627,0.899586473554348,0.00049873987627902,467.928013646283,507.30918761247,638.638692517338,679.323088905389,57.8704632772345,64.8105827349238
"tmp.90",92,0,0,0.35,1,31.4509985793538,64.880520736181,0.77542898344507,0.750000735721012,0.3,0.167599611381885,0.0039140823729995,0.3,0.3,0.900085213430627,0.898977948030077,0.00110726540055039,452.658608321701,506.707570000436,622.877992183379,678.733577710091,56.3998163204167,64.7496748327692
"tmp.91",93,0,0,0.35,1,31.4509985793538,64.880520736181,0.77542898344507,0.750000735721012,0.35,0.219418052570604,0.00675832337525231,0.35,0.35,0.900085213430627,0.897875885513592,0.00220932791703543,435.548159041187,505.768401621492,605.217012075957,677.813308318732,54.7518523277611,64.654593215165
"tmp.92",94,0,0,0.35,1,31.4509985793538,64.880520736181,0.77542898344507,0.750000735721012,0.4,0.276152145826746,0.0110103909854466,0.4,0.4,0.900085213430627,0.89600573912068,0.00407947430994693,416.814561448008,504.364368896606,585.880658657679,676.437529097299,52.9475575497382,64.5124486267777
"tmp.93",95,0,0,0.35,1,31.4509985793538,64.880520736181,0.77542898344507,0.750000735721012,0.45,0.337131550715149,0.0171722817936178,0.45,0.45,0.900085213430627,0.892979637361006,0.00710557606962092,396.679161953858,502.329712551747,565.097400188472,674.443816363687,51.0082505917448,64.306459561478
"tmp.94",96,0,0,0.35,1,31.4509985793538,64.880520736181,0.77542898344507,0.750000735721012,0.5,0.401658406097729,0.0259022170386312,0.5,0.5,0.900085213430627,0.888253657584397,0.0118315558462306,375.37239430653,499.447087933844,543.105084650537,671.619199114951,48.9561252905897,64.0146219977771
"tmp.95",97,0,0,0.35,1,31.4509985793538,64.880520736181,0.77542898344507,0.750000735721012,0.55,0.468989877082251,0.038072302835335,0.55,0.55,0.900085213430627,0.881065866348489,0.0190193470821385,353.139542587441,495.428525603772,520.156888171019,667.681502752357,46.814805767856,63.6077818449857
"tmp.96",98,1,1,0.35,1,31.4509985793538,64.880520736181,0.77542898344507,0.750000735721012,0.6,0.538317967864584,0.0548546173056531,0.6,0.6,0.900085213430627,0.870343828639127,0.0297413847914998,330.247407011114,489.887005365673,496.528195294421,662.251495129602,44.6099884351085,63.0467570915574
"tmp.97",99,0,0,0.35,1,31.4509985793538,64.880520736181,0.77542898344507,0.750000735721012,0.65,0.608743801314131,0.0778545041115142,0.65,0.65,0.900085213430627,0.854561577941566,0.0455236354890612,306.992796806074,482.292442742378,472.525365122991,654.809758717189,42.3702599713568,62.2778818659763
"tmp.98",100,0,0,0.35,1,31.4509985793538,64.880520736181,0.77542898344507,0.750000735721012,0.7,0.679242132183809,0.109326482465734,0.7,0.7,0.900085213430627,0.831508491284472,0.0685767221461552,283.714247952906,471.900395489815,448.497826074462,644.626831763411,40.1282258971854,61.2257886682648
"tmp.99",101,0,0,0.35,1,31.4509985793538,64.880520736181,0.77542898344507,0.750000735721012,0.75,0.748608634147981,0.152544627693067,0.75,0.75,0.900085213430627,0.797894236268409,0.102190977162218,260.809429004337,457.629763935749,424.856041736546,630.643369682492,37.9221869868849,59.7810267248107
"tmp.100",102,0,0,0.35,1,31.4509985793538,64.880520736181,0.77542898344507,0.750000735721012,0.8,0.815375120654591,0.212487793493362,0.8,0.8,0.900085213430627,0.748621451380861,0.151463762049767,238.763135159854,437.836530588492,402.100405654378,611.248437725798,35.7988354704179,57.7771553355393
"tmp.101",103,0,0,0.35,1,31.4509985793538,64.880520736181,0.77542898344507,0.750000735721012,0.85,0.877659031931273,0.297247104833553,0.85,0.85,0.900085213430627,0.675301032077551,0.224784181353076,218.196987656294,409.849005983961,380.872539805156,583.824109127338,33.818041746193,54.943692059095
"tmp.102",104,0,0,0.4,1,34.2601008320446,64.880520736181,0.771725832781983,0.750000735721012,0.05,0.0232297920472007,0.0000619972549221104,0.05,0.05,0.900085213430627,0.90008211543854,0.00000309799208764172,500.919559384013,507.9811032367,672.78889173239,679.981914231642,61.0534687431787,64.8786223542024
"tmp.103",105,0,0,0.4,1,34.2601008320446,64.880520736181,0.771725832781983,0.750000735721012,0.1,0.0610231303237304,0.000345483198394116,0.0999999999999999,0.0999999999999999,0.900085213430627,0.900051886626379,0.0000333268042477242,489.400149877327,507.894696721129,661.056894581805,679.89921603617,59.9529127362576,64.8699418955763
"tmp.104",106,0,0,0.4,1,34.2601008320446,64.880520736181,0.771725832781983,0.750000735721012,0.15,0.106375911635388,0.000990949443288351,0.15,0.15,0.900085213430627,0.899944883060542,0.00014033037008554,475.576622133534,507.697958609686,646.978257303819,679.710921360824,58.6322229486048,64.8501774481237
"tmp.105",107,0,0,0.4,1,34.2601008320446,64.880520736181,0.771725832781983,0.750000735721012,0.2,0.15686191537826,0.00215634261968849,0.2,0.2,0.900085213430627,0.899684368329,0.000400845101627412,460.188488192706,507.342746769519,631.306139436855,679.370954195173,57.1620518227277,64.8144926197089
"tmp.106",108,0,0,0.4,1,34.2601008320446,64.880520736181,0.771725832781983,0.750000735721012,0.25,0.211060886982906,0.0040288448312079,0.25,0.25,0.900085213430627,0.89916043455708,0.000924778873547139,443.66864164761,506.772008095448,614.481423509994,678.824709989855,55.5837576976628,64.7571558157208
"tmp.107",109,0,0,0.4,1,34.2601008320446,64.880520736181,0.771725832781983,0.750000735721012,0.3,0.267983014223549,0.00683496535663415,0.3,0.3,0.900085213430627,0.898221282104662,0.00186393132596518,426.318777264662,505.916702559298,596.811371986464,678.006111716909,53.9261642719897,64.6712312269306
"tmp.108",110,0,0,0.4,1,34.2601008320446,64.880520736181,0.771725832781983,0.750000735721012,0.35,0.326864795312525,0.0108526934841163,0.35,0.35,0.900085213430627,0.896661242785639,0.00342397064498834,408.371610388742,504.692099026041,578.532994911045,676.834064658872,52.2115050005189,64.5482067046065
"tmp.109",111,0,0,0.4,1,34.2601008320446,64.880520736181,0.771725832781983,0.750000735721012,0.4,0.38707402697373,0.0164275074756846,0.4,0.4,0.900085213430627,0.894204283899375,0.00588092953125219,390.019836578407,502.992895721411,559.842543987665,675.207786291944,50.4581898767794,64.3775035592972
"tmp.110",112,0,0,0.4,1,34.2601008320446,64.880520736181,0.771725832781983,0.750000735721012,0.45,0.448057399184586,0.0239943718335496,0.45,0.45,0.900085213430627,0.89048094945745,0.00960426397317748,371.432104728538,500.686515465134,540.911780481781,673.000389268601,48.6823314935404,64.1458029953017
"tmp.111",113,1,1,0.4,1,34.2601008320446,64.880520736181,0.771725832781983,0.750000735721012,0.5,0.50930736994694,0.0341089307454219,0.5,0.5,0.900085213430627,0.88499544193879,0.0150897714918373,352.763113640173,497.603597908795,521.898258119729,670.049781701375,46.8987096617502,63.8360909542751
"tmp.112",114,1,1,0.4,1,34.2601008320446,64.880520736181,0.771725832781983,0.750000735721012,0.55,0.570338224676029,0.0474931366699851,0.55,0.55,0.900085213430627,0.877077373667164,0.0230078397634633,334.160909118746,493.524091942989,502.952754852977,666.14535644404,45.1214685699957,63.4262609487815
"tmp.113",115,0,0,0.4,1,34.2601008320446,64.880520736181,0.771725832781983,0.750000735721012,0.6,0.630666007197075,0.0651043467317069,0.6,0.6,0.900085213430627,0.865808733064381,0.0342764803662465,315.773001006332,488.156195116176,484.225502778567,661.007834370276,43.3647012013138,62.8869983016716
"tmp.114",116,0,0,0.4,1,34.2601008320446,64.880520736181,0.771725832781983,0.750000735721012,0.65,0.689788698668772,0.0882443356276658,0.65,0.65,0.900085213430627,0.849908877102727,0.0501763363279003,297.752404645758,481.103126500687,465.872341096852,654.257463253074,41.6430265302799,62.1784421251003
"tmp.115",117,0,0,0.4,1,34.2601008320446,64.880520736181,0.771725832781983,0.750000735721012,0.7,0.747163103367114,0.118740162535323,0.7,0.7,0.900085213430627,0.827544277598938,0.0725409358316895,280.264686093704,471.807998459234,448.061891342126,645.36125547708,39.9722626175431,61.244647099864
"tmp.116",118,0,0,0.4,1,34.2601008320446,64.880520736181,0.771725832781983,0.750000735721012,0.75,0.80217343132734,0.159264056286219,0.75,0.75,0.900085213430627,0.795993307248127,0.1040919061825,263.497538131427,459.45631564396,430.985310116092,633.539671501282,38.3703414949276,60.0037884570609
"tmp.117",119,0,0,0.4,1,34.2601008320446,64.880520736181,0.771725832781983,0.750000735721012,0.8,0.85408223828698,0.213949009871673,0.8,0.8,0.900085213430627,0.751004090262925,0.149081123167702,247.675733770128,442.788341791114,414.871518556192,617.587039333285,36.8587378124602,58.3293122158361
"tmp.118",120,0,0,0.4,1,34.2601008320446,64.880520736181,0.771725832781983,0.750000735721012,0.85,0.901942358254199,0.289721493943533,0.85,0.85,0.900085213430627,0.685411742869238,0.214673470561389,233.08796920412,419.692888646011,400.014540668351,595.482776869846,35.4650333945946,56.0091269363763
"tmp.119",121,0,0,0.45,1,36.9857170187301,64.880520736181,0.768675554107393,0.750000735721012,0.05,0.0599955520978604,0.000197291360324861,0.05,0.05,0.900085213430627,0.900075827794768,0.00000938563585939356,491.237242743858,507.944876793925,663.150180546868,679.948540782442,60.1393920763174,64.8750173324096
"tmp.120",122,0,0,0.45,1,36.9857170187301,64.880520736181,0.768675554107393,0.750000735721012,0.1,0.124421252458267,0.000838889272667039,0.1,0.1,0.900085213430627,0.900007989166507,0.0000772242641197129,473.23670206316,507.765614337217,645.056148885258,679.781193735407,58.4314079905392,64.8571200845793
"tmp.121",123,0,0,0.45,1,36.9857170187301,64.880520736181,0.768675554107393,0.750000735721012,0.15,0.188840534360467,0.00204557425515904,0.15,0.15,0.900085213430627,0.899808267003472,0.000276946427154812,455.237954699685,507.428466553109,626.963919854979,679.466455852636,56.7235940639429,64.8234598438439
"tmp.122",124,0,0,0.45,1,36.9857170187301,64.880520736181,0.768675554107393,0.750000735721012,0.2,0.252448633029127,0.00395750520344381,0.2,0.2,0.900085213430627,0.899380754238479,0.000704459192148454,437.465851931662,506.894273046158,609.09951256399,678.967769693945,55.0372853448305,64.7701269053201
"tmp.123",125,0,0,0.45,1,36.9857170187301,64.880520736181,0.768675554107393,0.750000735721012,0.25,0.314891143726813,0.00673861606909353,0.25,0.25,0.900085213430627,0.898601860829112,0.00148335260151555,420.019414442729,506.117230670295,591.562461988306,678.242376606016,53.3818774260796,64.6925483636064
"tmp.124",126,0,0,0.45,1,36.9857170187301,64.880520736181,0.768675554107393,0.750000735721012,0.3,0.375962009506916,0.0105840362923628,0.3,0.3,0.900085213430627,0.897313348633616,0.00277186479701108,402.956214543768,505.042820259914,574.41063945715,677.239381261747,51.7628330653106,64.5852811212672
"tmp.125",127,0,0,0.45,1,36.9857170187301,64.880520736181,0.768675554107393,0.750000735721012,0.35,0.435517234425106,0.0157296382649953,0.35,0.35,0.900085213430627,0.895312842903946,0.00477237052668134,386.316484701625,503.60513906876,557.684486396247,675.897261409466,50.1839697263608,64.4417455642324
"tmp.126",128,0,0,0.45,1,36.9857170187301,64.880520736181,0.768675554107393,0.750000735721012,0.4,0.493440651153857,0.0224648292906914,0.4,0.4,0.900085213430627,0.892340742198252,0.00774447123237554,370.132682067613,501.723326696181,541.416628532451,674.140531364552,48.6483671110509,64.2538687325711
"tmp.127",129,1,1,0.45,1,36.9857170187301,64.880520736181,0.768675554107393,0.750000735721012,0.45,0.549627121034779,0.0311502863277904,0.45,0.45,0.900085213430627,0.888061828408077,0.0120233850225504,354.434182382883,499.296610000015,525.636594178268,671.875116282386,47.1588125411227,64.0115896133249
"tmp.128",130,1,1,0.45,1,36.9857170187301,64.880520736181,0.768675554107393,0.750000735721012,0.5,0.603972555213577,0.0422433171488172,0.5,0.5,0.900085213430627,0.882038824401245,0.0180463890293822,339.250068073326,496.19721718862,510.373616807525,668.981737244122,45.7180655070533,63.7021516959407
"tmp.129",131,1,1,0.45,1,36.9857170187301,64.880520736181,0.768675554107393,0.750000735721012,0.55,0.656366611044713,0.0563353180052555,0.55,0.55,0.900085213430627,0.873693278815874,0.0263919346147529,324.611168874107,492.259912149332,495.658686278476,665.306141228655,44.3290512930309,63.3090580980642
"tmp.130",132,0,0,0.45,1,36.9857170187301,64.880520736181,0.768675554107393,0.750000735721012,0.6,0.706685989903896,0.0742091575591335,0.6,0.6,0.900085213430627,0.862245676674649,0.0378395367559784,310.551934420851,487.265961377978,481.526431150829,660.644133745501,42.9950386580585,62.8104708520316
"tmp.131",133,0,0,0.45,1,36.9857170187301,64.880520736181,0.768675554107393,0.750000735721012,0.65,0.754786858254114,0.096930986550179,0.65,0.65,0.900085213430627,0.846619795016412,0.0534654184142156,297.112551803801,480.91748235788,468.017247238028,654.717632253313,41.7198407604074,62.1766498922249
"tmp.132",134,0,0,0.45,1,36.9857170187301,64.880520736181,0.768675554107393,0.750000735721012,0.7,0.800494748978509,0.126005172861306,0.7,0.7,0.900085213430627,0.825281722061846,0.0748034913687809,284.341767135404,472.794154702551,455.180133829465,647.134254672882,40.5080828824948,61.3656311718314
"tmp.133",135,0,0,0.45,1,36.9857170187301,64.880520736181,0.768675554107393,0.750000735721012,0.75,0.843589319491696,0.163654104387111,0.75,0.75,0.900085213430627,0.79595008096171,0.104135132468917,272.30114413402,462.275043234241,443.076974392361,637.314338813339,39.3656065072562,60.3154216167473
"tmp.134",136,0,0,0.45,1,36.9857170187301,64.880520736181,0.768675554107393,0.750000735721012,0.8,0.883778706380742,0.213370926725025,0.8,0.8,0.900085213430627,0.755025749598208,0.145059463832419,261.072229437221,448.384163073028,431.789739100186,624.346772606911,38.3001492000065,58.9285806161758
"tmp.135",137,0,0,0.45,1,36.9857170187301,64.880520736181,0.768675554107393,0.750000735721012,0.85,0.920650905038213,0.281157483898995,0.85,0.85,0.900085213430627,0.696320097741435,0.203765115689192,250.770137132323,429.444598998621,421.43413991835,606.666103836796,37.3226335787201,57.0376879091262
"tmp.136",138,0,0,0.5,1,39.6439156850685,64.880520736181,0.766105473461402,0.750000735721012,0.05,0.121909368696123,0.000503370962746913,0.05,0.05,0.900085213430627,0.900062552025677,0.0000226614049506635,477.035020351185,507.872143775462,649.286742647104,679.883871166727,58.8090410556976,64.867817362
"tmp.137",139,0,0,0.5,1,39.6439156850685,64.880520736181,0.766105473461402,0.750000735721012,0.1,0.211220719136038,0.0017204347588573,0.0999999999999999,0.0999999999999999,0.900085213430627,0.899934895390609,0.000150318040018194,454.349937339446,507.56300957125,626.786072518681,679.603091763224,56.6691855236994,64.8371028036555
"tmp.138",140,0,0,0.5,1,39.6439156850685,64.880520736181,0.766105473461402,0.750000735721012,0.15,0.288738220880485,0.00367873781537827,0.15,0.15,0.900085213430627,0.899611441697619,0.00047377173300811,434.660491896357,507.065600594894,607.256687649457,679.15130676572,54.8119047400421,64.7876818828477
"tmp.139",141,0,0,0.5,1,39.6439156850685,64.880520736181,0.766105473461402,0.750000735721012,0.2,0.35857794961936,0.00647023442497037,0.2,0.2,0.900085213430627,0.898987539701815,0.00109767372881187,416.921200796683,506.356560456057,589.661603816645,678.507302108423,53.1385795785815,64.7172339854099
"tmp.140",142,0,0,0.5,1,39.6439156850685,64.880520736181,0.766105473461402,0.750000735721012,0.25,0.422645201684177,0.0102172727919777,0.25,0.25,0.900085213430627,0.897937961906543,0.00214725152408446,400.648118772219,505.404812710838,573.520809867786,677.642851780549,51.6035600869318,64.6226714580304
"tmp.141",143,0,0,0.5,1,39.6439156850685,64.880520736181,0.766105473461402,0.750000735721012,0.3,0.482037015025337,0.0150723936030025,0.3,0.3,0.900085213430627,0.896310446836076,0.00377476659455078,385.562598183564,504.171612024837,558.557923361917,676.522764296547,50.1805617814814,64.5001446916471
"tmp.142",144,1,1,0.5,1,39.6439156850685,64.880520736181,0.766105473461402,0.750000735721012,0.35,0.537460631786174,0.0212239169406351,0.35,0.35,0.900085213430627,0.893917595770266,0.006167617660361,371.484999526312,502.609125097079,544.594765130437,675.103593782318,48.8526394922667,64.3449011267126
"tmp.143",145,1,1,0.5,1,39.6439156850685,64.880520736181,0.766105473461402,0.750000735721012,0.4,0.589403823568723,0.0289054369742159,0.4,0.4,0.900085213430627,0.890525970148827,0.00955924328180069,358.291428813544,500.658019008549,531.508448352562,673.33144952832,47.6081064543264,64.1510456394329
"tmp.144",146,1,1,0.5,1,39.6439156850685,64.880520736181,0.766105473461402,0.750000735721012,0.45,0.638217169830599,0.0384099415341438,0.45,0.45,0.900085213430627,0.885840874272238,0.0142443391583887,345.892838863028,498.243874850327,519.21064973354,671.13873857146,46.4385629582387,63.9111842116475
"tmp.145",147,1,1,0.5,1,39.6439156850685,64.880520736181,0.766105473461402,0.750000735721012,0.5,0.684158287263066,0.0501105991989872,0.5,0.5,0.900085213430627,0.879484451009677,0.0206007624209504,334.223795035181,495.271907803457,507.636466568831,668.439370066515,45.3378366362223,63.6158993353216
"tmp.146",148,1,1,0.5,1,39.6439156850685,64.880520736181,0.766105473461402,0.750000735721012,0.55,0.72741718205177,0.064491966929067,0.55,0.55,0.900085213430627,0.870963115947228,0.0291220974833994,323.23603575885,491.619040400017,496.738029618025,665.121555613636,44.3013750345805,63.2529624378227
"tmp.147",149,0,0,0.5,1,39.6439156850685,64.880520736181,0.766105473461402,0.750000735721012,0.6,0.768131076862613,0.0821983967932668,0.6,0.6,0.900085213430627,0.859617310571533,0.0404679028590941,312.894706476896,487.12160721451,486.480767665655,661.036641715673,43.3258903664947,62.8061122604747
"tmp.148",150,0,0,0.5,1,39.6439156850685,64.880520736181,0.766105473461402,0.750000735721012,0.65,0.80639256320085,0.104112408076781,0.65,0.65,0.900085213430627,0.844540451483496,0.0555447619471314,303.176288946984,481.555448348498,476.841353655237,655.981029153529,42.409164185555,62.253077012627
"tmp.149",151,0,0,0.5,1,39.6439156850685,64.880520736181,0.766105473461402,0.750000735721012,0.7,0.842252670592751,0.131488668963793,0.7,0.7,0.900085213430627,0.82444081087518,0.0756444025554469,294.067821669441,474.601878083197,467.806931454469,649.665263105302,41.5499738496947,61.5621931288453
"tmp.150",152,0,0,0.5,1,39.6439156850685,64.880520736181,0.766105473461402,0.750000735721012,0.75,0.875718859310004,0.166199646411828,0.75,0.75,0.900085213430627,0.79738906984992,0.102696143580707,285.567409735259,465.785289811396,459.375621558544,641.657361157996,40.7481406145149,60.6862059000511
"tmp.151",153,0,0,0.5,1,39.6439156850685,64.880520736181,0.766105473461402,0.750000735721012,0.8,0.906745982689217,0.211229924720044,0.8,0.8,0.900085213430627,0.760311972545403,0.139773240885224,277.686520396939,454.347599121109,451.558797999715,631.268772882371,40.0047461716141,59.549794551045
"tmp.152",154,0,0,0.5,1,39.6439156850685,64.880520736181,0.766105473461402,0.750000735721012,0.85,0.935214041307268,0.271809724421859,0.85,0.85,0.900085213430627,0.70783527804449,0.192249935386137,270.455633507954,438.960329996848,444.386692852875,617.292874429904,39.3226656474811,58.0209660718948
"tmp.153",155,0,0,0.55,1,42.2467285745098,64.880520736181,0.763910938643155,0.750000735721012,0.05,0.208338722326265,0.00109585858761162,0.05,0.05,0.900085213430627,0.900038825080193,0.0000463883504342455,460.373768076216,507.749486726872,633.425218980879,679.779509150569,57.259978214025,64.8557173006704
"tmp.154",156,0,0,0.55,1,42.2467285745098,64.880520736181,0.763910938643155,0.750000735721012,0.1,0.314342008486205,0.0031254247754193,0.1,0.1,0.900085213430627,0.899827553011865,0.000257660418762407,436.141416860053,507.285527896339,609.727848731699,679.371152837276,54.9856556330613,64.8097805213972
"tmp.155",157,0,0,0.55,1,42.2467285745098,64.880520736181,0.763910938643155,0.750000735721012,0.15,0.39671384017084,0.00599214962004333,0.15,0.15,0.900085213430627,0.899355180455318,0.000730032975309158,417.311216136946,506.630194596858,591.313364952502,678.794357068896,53.2183508293872,64.7448956670793
"tmp.156",158,0,0,0.55,1,42.2467285745098,64.880520736181,0.763910938643155,0.750000735721012,0.2,0.465873128735248,0.00973540818131147,0.2,0.2,0.900085213430627,0.898519355426612,0.00156585800401521,401.501402771122,505.774485689752,575.852587021449,678.041199436018,51.7345238900214,64.6601715307962
"tmp.157",159,1,1,0.55,1,42.2467285745098,64.880520736181,0.763910938643155,0.750000735721012,0.25,0.526123247657925,0.0144365077446627,0.25,0.25,0.900085213430627,0.897203048129215,0.00288216530141239,387.728225585398,504.69981432957,562.383482172063,677.095320608492,50.4418450407559,64.5537678203479
"tmp.158",160,1,1,0.55,1,42.2467285745098,64.880520736181,0.763910938643155,0.750000735721012,0.3,0.57976368273981,0.0202088149996235,0.3,0.3,0.900085213430627,0.895268314209,0.00481689922162698,375.466022125679,503.380264891086,550.391993072899,675.933910784074,49.2909783348372,64.4231186176459
"tmp.159",161,1,1,0.55,1,42.2467285745098,64.880520736181,0.763910938643155,0.750000735721012,0.35,0.628200695769493,0.027199077446287,0.35,0.35,0.900085213430627,0.892549166397996,0.00753604703263111,364.393320947094,501.782290895779,539.563745448605,674.527443816496,48.2517521327209,64.2649024702725
"tmp.160",162,1,1,0.55,1,42.2467285745098,64.880520736181,0.763910938643155,0.750000735721012,0.4,0.672369664257348,0.0355938599950077,0.4,0.4,0.900085213430627,0.888842288817175,0.0112429246134521,354.29629475077,499.863243605141,529.68963269514,672.838382147514,47.3040977151189,64.0748967068224
"tmp.161",163,1,1,0.55,1,42.2467285745098,64.880520736181,0.763910938643155,0.750000735721012,0.45,0.712929081254365,0.0456306076998986,0.45,0.45,0.900085213430627,0.883894210476557,0.0161910029540698,345.024412025252,497.568843079803,520.622446606032,670.818950943528,46.4338869764833,63.8477270452907
"tmp.162",164,1,1,0.55,1,42.2467285745098,64.880520736181,0.763910938643155,0.750000735721012,0.5,0.750361275268786,0.0576147168499969,0.5,0.5,0.900085213430627,0.877382869311968,0.0227023441186593,336.467412473556,494.829275728091,512.254361116112,668.407703328138,45.6307714582195,63.5764812095446
"tmp.163",165,0,0,0.55,1,42.2467285745098,64.880520736181,0.763910938643155,0.750000735721012,0.55,0.785029329879661,0.071945710573731,0.55,0.55,0.900085213430627,0.868890125435122,0.0311950879955051,328.54229518951,491.553210562845,504.504207741686,665.524253752561,44.8869611265225,63.2521164761314
"tmp.164",166,0,0,0.55,1,42.2467285745098,64.880520736181,0.763910938643155,0.750000735721012,0.6,0.817211184189509,0.0891583610382898,0.6,0.6,0.900085213430627,0.857859123659274,0.0422260897713534,321.185523294278,487.618398666647,497.309852316375,662.061004055201,44.1964927400638,62.8625289229651
"tmp.165",167,0,0,0.55,1,42.2467285745098,64.880520736181,0.763910938643155,0.750000735721012,0.65,0.847120747150699,0.109989952701063,0.65,0.65,0.900085213430627,0.843525015741533,0.0565601976890945,314.34819720135,482.856296812537,490.623474816595,657.869609843707,43.5547768377214,62.3910310068731
"tmp.166",168,0,0,0.55,1,42.2467285745098,64.880520736181,0.763910938643155,0.750000735721012,0.7,0.874920893958069,0.135496444337167,0.7,0.7,0.900085213430627,0.824795824692592,0.0752893887380351,307.993083641185,477.025512824524,484.408663976847,652.737608260259,42.9583188982693,61.8137223764081
"tmp.167",169,0,0,0.55,1,42.2467285745098,64.880520736181,0.763910938643155,0.750000735721012,0.75,0.900730648990041,0.167267874021917,0.75,0.75,0.900085213430627,0.800032246012968,0.10005296741766,302.092973640877,469.76256399859,478.638811520476,646.345077692874,42.4045652288803,61.0946144402443
"tmp.168",170,0,0,0.55,1,42.2467285745098,64.880520736181,0.763910938643155,0.750000735721012,0.8,0.924627096316806,0.207867740819125,0.8,0.8,0.900085213430627,0.766599809625572,0.133485403805055,296.630245781978,460.481434448748,473.296685059529,638.176232535192,41.8918619747749,60.1756854933648
"tmp.169",171,0,0,0.55,1,42.2467285745098,64.880520736181,0.763910938643155,0.750000735721012,0.85,0.946640383345634,0.261858011639623,0.85,0.85,0.900085213430627,0.719827209887108,0.180258003543519,291.598008367188,448.139258539182,468.375545045658,627.313187970123,41.4195623170515,58.9536809248613
"tmp.170",172,0,0,0.6,1,44.8034925971811,64.880520736181,0.762011353430225,0.750000735721012,0.05,0.313170731359064,0.00212193534885249,0.05,0.05,0.900085213430627,0.900001371678591,0.0000838417520365731,444.363707387838,507.568822737113,618.740711223653,679.634545262646,55.7829344320217,64.8379185804729
"tmp.171",173,0,0,0.6,1,44.8034925971811,64.880520736181,0.762011353430225,0.750000735721012,0.1,0.424557476313825,0.00519148636984343,0.0999999999999999,0.0999999999999999,0.900085213430627,0.899684121224852,0.000401092205775333,421.729920813031,506.945089969648,596.952363553264,679.105885441423,53.667742018875,64.7762911182504
"tmp.172",174,1,1,0.6,1,44.8034925971811,64.880520736181,0.762011353430225,0.750000735721012,0.15,0.503945613771899,0.00907193541990621,0.15,0.15,0.900085213430627,0.899046354545825,0.00103885888480237,405.59825128155,506.156582722675,581.423259614159,678.437567017313,52.1601911328755,64.6983832334803
"tmp.173",175,1,1,0.6,1,44.8034925971811,64.880520736181,0.762011353430225,0.750000735721012,0.2,0.567083512387313,0.0137760516023296,0.2,0.2,0.900085213430627,0.897997344389108,0.00208786904151903,392.768630282898,505.200706314407,569.072862924058,677.627390804894,50.9612261735566,64.6039385605167
"tmp.174",176,1,1,0.6,1,44.8034925971811,64.880520736181,0.762011353430225,0.750000735721012,0.25,0.619975366457908,0.0193603325597633,0.25,0.25,0.900085213430627,0.896434950488346,0.00365026294228143,382.021005535753,504.065980423856,558.726693764616,676.665626379925,49.9568297483552,64.4918227945982
"tmp.175",177,1,1,0.6,1,44.8034925971811,64.880520736181,0.762011353430225,0.750000735721012,0.3,0.665661131464761,0.0259118212351181,0.3,0.3,0.900085213430627,0.894240158964111,0.0058450544665164,372.737658086361,502.734717925024,549.790106812899,675.537282590173,49.0892742454941,64.3602883721108
"tmp.176",178,1,1,0.6,1,44.8034925971811,64.880520736181,0.762011353430225,0.750000735721012,0.35,0.705926020258846,0.0335474774735294,0.35,0.35,0.900085213430627,0.891270998664202,0.00881421476642541,364.555832683403,501.183152577379,541.913896799658,674.22221578258,48.324659144047,64.2069870869525
"tmp.177",179,1,1,0.6,1,44.8034925971811,64.880520736181,0.762011353430225,0.750000735721012,0.4,0.741920526842446,0.0424188030959708,0.4,0.4,0.900085213430627,0.88735469229284,0.0127305211377872,357.241748945615,499.380499210899,534.87301573265,672.694333240311,47.6411369954151,64.0288772328005
"tmp.178",180,1,1,0.6,1,44.8034925971811,64.880520736181,0.762011353430225,0.750000735721012,0.45,0.774435037644642,0.0527207638436273,0.45,0.45,0.900085213430627,0.882276838406132,0.0178083750244956,350.634800350609,497.287140786975,528.512856218351,670.920056582305,47.0236986584397,63.8220444769829
"tmp.179",181,1,1,0.6,1,44.8034925971811,64.880520736181,0.762011353430225,0.750000735721012,0.5,0.804038352461764,0.0647060116767714,0.5,0.5,0.900085213430627,0.875765841878004,0.0243193715526234,344.61940677977,494.85173842728,522.722155397591,668.8558722982,46.4615428388168,63.581416318984
"tmp.180",182,0,0,0.6,1,44.8034925971811,64.880520736181,0.762011353430225,0.750000735721012,0.55,0.831154304332442,0.078707007322084,0.55,0.55,0.900085213430627,0.86746962539721,0.0326155880334176,339.109445359648,492.006736112153,517.418007341089,666.444521646531,45.9466211064742,63.300317935439
"tmp.181",183,0,0,0.6,1,44.8034925971811,64.880520736181,0.762011353430225,0.750000735721012,0.6,0.856107144745549,0.0951710854330976,0.6,0.6,0.900085213430627,0.856919338800219,0.0431658746304083,334.039028187704,488.661235439995,512.536985254436,663.608961484392,45.4727760475338,62.9697681759215
"tmp.182",184,0,0,0.6,1,44.8034925971811,64.880520736181,0.762011353430225,0.750000735721012,0.65,0.879149859056597,0.114718235284838,0.65,0.65,0.900085213430627,0.84347005451494,0.0566151589156875,329.3567486397,484.689254590121,508.029602702927,660.242412866897,45.0352035651992,62.5773194983109
"tmp.183",185,0,0,0.6,1,44.8034925971811,64.880520736181,0.762011353430225,0.750000735721012,0.7,0.900482527116884,0.138241634558545,0.7,0.7,0.900085213430627,0.826198069255258,0.073887144175369,325.021950489849,479.909299857704,503.856722091115,656.191046406604,44.6301042183099,62.1050395491677
"tmp.184",186,0,0,0.6,1,44.8034925971811,64.880520736181,0.762011353430225,0.750000735721012,0.75,0.920264544496425,0.167095652615257,0.75,0.75,0.900085213430627,0.803709473472711,0.0963757399579165,321.002244558326,474.04616338858,499.987164070884,651.221603017938,44.254451144913,61.5257366167199
"tmp.185",187,0,0,0.6,1,44.8034925971811,64.880520736181,0.762011353430225,0.750000735721012,0.8,0.938622880926741,0.203483250185444,0.8,0.8,0.900085213430627,0.773746735431765,0.126338477998862,317.271830595686,466.652203562318,496.396092108452,644.954673198349,43.9058332375383,60.7951817963927
"tmp.186",188,0,0,0.6,1,44.8034925971811,64.880520736181,0.762011353430225,0.750000735721012,0.85,0.955657826646884,0.251371437220279,0.85,0.85,0.900085213430627,0.732261344043719,0.167823869386909,313.810329625353,456.921323956839,493.063888442321,636.707030392148,43.5823460222485,59.8337293177686
"tmp.187",189,0,0,0.65,1,47.3212250114027,64.880520736181,0.760348229138903,0.750000735721012,0.05,0.427248391625205,0.00376247211030452,0.05,0.05,0.900085213430627,0.899947650481623,0.000137562949003911,432.035235969038,507.331032458788,608.209062902286,679.459359910743,54.656325104591,64.8144543757399
"tmp.188",190,1,1,0.65,1,47.3212250114027,64.880520736181,0.760348229138903,0.750000735721012,0.1,0.533156486207241,0.00806230685864364,0.1,0.1,0.900085213430627,0.899506198665973,0.000579014764654384,413.204776752352,506.566521840533,590.413229131313,678.841504688436,52.9028910051886,64.7389523058262
"tmp.189",191,1,1,0.65,1,47.3212250114027,64.880520736181,0.760348229138903,0.750000735721012,0.15,0.603753407733329,0.0129998871529002,0.15,0.15,0.900085213430627,0.898696787735682,0.00138842569494568,400.652644105014,505.688620064214,578.550763989449,678.13201003366,51.7340752503098,64.6522518732745
"tmp.190",192,1,1,0.65,1,47.3212250114027,64.880520736181,0.760348229138903,0.750000735721012,0.2,0.657638804843165,0.0186136696761678,0.2,0.2,0.900085213430627,0.897446729000957,0.00263848442967052,391.071820498885,504.690489531577,569.496351544075,677.32534999859,50.8419385998951,64.5536778058138
"tmp.191",193,1,1,0.65,1,47.3212250114027,64.880520736181,0.760348229138903,0.750000735721012,0.25,0.701482278783242,0.0249616183849647,0.25,0.25,0.900085213430627,0.895672368174864,0.00441284525576369,383.27645083234,503.561824251153,562.129292611905,676.413195580986,50.1160578960057,64.4422122971903
"tmp.192",194,1,1,0.65,1,47.3212250114027,64.880520736181,0.760348229138903,0.750000735721012,0.3,0.73852473673698,0.0321217864524576,0.3,0.3,0.900085213430627,0.893275336218734,0.0068098772118933,376.690301808165,502.288746368753,555.905014601669,675.384331103159,49.5027760769145,64.3164847886541
"tmp.193",195,1,1,0.65,1,47.3212250114027,64.880520736181,0.760348229138903,0.750000735721012,0.35,0.770611055446891,0.0401948955722057,0.35,0.35,0.900085213430627,0.890137766984375,0.00994744644625245,370.985354341543,500.853347567262,550.51352119092,674.224283584631,48.9715490203586,64.174726678202
"tmp.194",196,1,1,0.65,1,47.3212250114027,64.880520736181,0.760348229138903,0.750000735721012,0.4,0.798901152044612,0.0493093957094457,0.4,0.4,0.900085213430627,0.886115864990534,0.0139693484400935,365.955375166468,499.232789442861,545.759910445635,672.914595692397,48.5031729227091,64.0146824749087
"tmp.195",197,1,1,0.65,1,47.3212250114027,64.880520736181,0.760348229138903,0.750000735721012,0.45,0.824176248873833,0.0596295237800829,0.45,0.45,0.900085213430627,0.881030895684672,0.0190543177459553,361.461462950233,497.397870671901,541.51291286256,671.431667766905,48.0847137216353,63.8334682941988
"tmp.196",198,1,1,0.65,1,47.3212250114027,64.880520736181,0.760348229138903,0.750000735721012,0.5,0.846989921037455,0.0713676123758053,0.5,0.5,0.900085213430627,0.874656112766451,0.0254291006641757,357.40519203954,495.310838519582,537.67951071203,669.744989147089,47.7070063248385,63.6273557253029
"tmp.197",199,0,0,0.65,1,47.3212250114027,64.880520736181,0.760348229138903,0.750000735721012,0.55,0.867750162403775,0.0848030262303165,0.55,0.55,0.900085213430627,0.86669709671962,0.0333881167110069,353.714021124609,492.92202193625,534.191148412072,667.814417136835,47.3632959100002,63.3914393202467
"tmp.198",200,0,0,0.65,1,47.3212250114027,64.880520736181,0.760348229138903,0.750000735721012,0.6,0.886767397028662,0.100312138057296,0.6,0.6,0.900085213430627,0.856760968328413,0.043324245102214,350.332756808304,490.164501853413,530.995665125326,665.585869693393,47.0484430387517,63.1191102392481
"tmp.199",201,0,0,0.65,1,47.3212250114027,64.880520736181,0.760348229138903,0.750000735721012,0.65,0.904284336405925,0.118417844122294,0.65,0.65,0.900085213430627,0.84430582855436,0.0557793848762675,347.218244987027,486.945307315056,528.052277818018,662.984210397038,46.7584293344879,62.8011867921469
"tmp.200",202,0,0,0.65,1,47.3212250114027,64.880520736181,0.760348229138903,0.750000735721012,0.7,0.920495656750862,0.139876097451545,0.7,0.7,0.900085213430627,0.828552714132212,0.0715324992984152,344.335872229697,483.130029873115,525.328274868054,659.900814253459,46.4900317016032,62.4243949762014
"tmp.201",203,0,0,0.65,1,47.3212250114027,64.880520736181,0.760348229138903,0.750000735721012,0.75,0.935561948253429,0.16583868667259,0.75,0.75,0.900085213430627,0.808320402870246,0.0917648105603811,341.65708560054,478.513881509613,522.796672159282,656.170177549102,46.2405913790632,61.9685101942881
"tmp.202",204,0,0,0.65,1,47.3212250114027,64.880520736181,0.760348229138903,0.750000735721012,0.8,0.949620988205257,0.198191193256424,0.8,0.8,0.900085213430627,0.781683188547857,0.11840202488277,339.157388297105,472.761605839008,520.434318847672,651.521355834442,46.0078273004186,61.4004229637448
"tmp.203",205,0,0,0.65,1,47.3212250114027,64.880520736181,0.760348229138903,0.750000735721012,0.85,0.962799770760045,0.240359451218549,0.85,0.85,0.900085213430627,0.745155925911056,0.154929287519572,336.814200758864,465.264089573342,518.219875989698,645.462081484996,45.7896369268558,60.6599780519891
"tmp.204",206,1,1,0.7,1,49.8059496796178,64.880520736181,0.758879248778012,0.750000735721012,0.05,0.541142246427939,0.00624164342889606,0.05,0.05,0.900085213430627,0.899876288126961,0.000208925303666563,425.529921644382,507.048773541436,603.830401539161,679.278886891778,54.0729443615041,64.7864306388024
"tmp.205",207,1,1,0.7,1,49.8059496796178,64.880520736181,0.758879248778012,0.750000735721012,0.1,0.633504229613103,0.0118999933777602,0.1,0.1,0.900085213430627,0.899298769682965,0.000786443747662569,411.453955406963,506.186441009229,590.829799167604,678.625163178542,52.7660527244503,64.7011334404353
"tmp.206",208,1,1,0.7,1,49.8059496796178,64.880520736181,0.758879248778012,0.750000735721012,0.15,0.692031290609634,0.0178699088884771,0.15,0.15,0.900085213430627,0.898322344778104,0.00176286865252318,402.534431311092,505.276625885396,582.591701394559,677.935443495129,51.9379140907837,64.6111395248673
"tmp.207",209,1,1,0.7,1,49.8059496796178,64.880520736181,0.758879248778012,0.750000735721012,0.2,0.735374845106747,0.0242853607938716,0.2,0.2,0.900085213430627,0.89689556945031,0.00318964398031674,395.928873605732,504.298911015014,576.490789547991,677.194249846878,51.3246170724758,64.5144293392595
"tmp.208",210,1,1,0.7,1,49.8059496796178,64.880520736181,0.758879248778012,0.750000735721012,0.25,0.769914128195248,0.0312362333586327,0.25,0.25,0.900085213430627,0.894954294206801,0.00513091922382658,390.665086863044,503.239598036144,571.629141171169,676.39119767366,50.8358975943795,64.4096479168769
"tmp.209",211,1,1,0.7,1,49.8059496796178,64.880520736181,0.758879248778012,0.750000735721012,0.3,0.798653277383395,0.0388095348329635,0.3,0.3,0.900085213430627,0.892420489914104,0.00766472351652314,386.285240526771,502.085426891456,567.583902662778,675.516234688691,50.4292481003476,64.2954836456693
"tmp.210",212,1,1,0.7,1,49.8059496796178,64.880520736181,0.758879248778012,0.750000735721012,0.35,0.823262447174197,0.0471024786171532,0.35,0.35,0.900085213430627,0.889198993473253,0.0108862199573739,382.534803050652,500.821582258746,564.119987964206,674.55812957797,50.0810364543291,64.1704710753265
"tmp.211",213,1,1,0.7,1,49.8059496796178,64.880520736181,0.758879248778012,0.750000735721012,0.4,0.84477223543506,0.0562308559626714,0.4,0.4,0.900085213430627,0.885172490173595,0.0149127232570326,379.256711319697,499.430417551289,561.092333136621,673.503504680595,49.7766800359901,64.0328647024003
"tmp.212",214,1,1,0.7,1,49.8059496796178,64.880520736181,0.758879248778012,0.750000735721012,0.45,0.863866445715418,0.0663376903361559,0.45,0.45,0.900085213430627,0.880194174575214,0.0198910388554134,376.34675367297,497.89013599277,558.40468799418,672.335836127853,49.5065032503583,63.8805085094803
"tmp.213",215,1,1,0.7,1,49.8059496796178,64.880520736181,0.758879248778012,0.750000735721012,0.5,0.881024006776085,0.0776045662160177,0.5,0.5,0.900085213430627,0.874076915316627,0.026008298114,373.731941367325,496.173064108679,555.989639926533,671.034144998228,49.2637294132324,63.7106651884439
"tmp.214",216,0,0,0.7,1,49.8059496796178,64.880520736181,0.758879248778012,0.750000735721012,0.55,0.89659502540933,0.0902681406608404,0.55,0.55,0.900085213430627,0.866576817549606,0.0335083958810209,371.358918127618,494.243135363288,553.797908926505,669.571089693462,49.0434046288306,63.5197672356453
"tmp.215",217,0,0,0.7,1,49.8059496796178,64.880520736181,0.758879248778012,0.750000735721012,0.6,0.910844852310307,0.104645805947151,0.6,0.6,0.900085213430627,0.857367341895978,0.042717871534649,369.187244507909,492.051979173654,551.792145007039,667.910001068055,48.8417742722258,63.3030300986594
"tmp.216",218,0,0,0.7,1,49.8059496796178,64.880520736181,0.758879248778012,0.750000735721012,0.65,0.923981410245559,0.121177874220807,0.65,0.65,0.900085213430627,0.845996605787476,0.0540886076431514,367.185233078577,489.532491968749,549.943081568192,666.000008728063,48.6558963047634,63.0538162607562
"tmp.217",219,0,0,0.7,1,49.8059496796178,64.880520736181,0.758879248778012,0.750000735721012,0.7,0.936173418007002,0.140501350337954,0.7,0.7,0.900085213430627,0.831812687975201,0.0682725254554259,365.327171095733,486.587594208496,548.226970246722,663.767517865164,48.4833834111155,62.7625231469684
"tmp.218",220,0,0,0.7,1,49.8059496796178,64.880520736181,0.758879248778012,0.750000735721012,0.75,0.947563893382636,0.16358918695005,0.75,0.75,0.900085213430627,0.813822758803439,0.0862624546271877,363.591262648486,483.069007908812,546.623680277463,661.100120758756,48.3222119366936,62.4144839134171
"tmp.219",221,0,0,0.7,1,49.8059496796178,64.880520736181,0.758879248778012,0.750000735721012,0.8,0.958282294669316,0.192040955480392,0.8,0.8,0.900085213430627,0.790399442368066,0.109685771062562,361.957778292396,478.732958384788,545.114989489528,657.813014810931,48.1705500892421,61.9855857070216
"tmp.220",222,0,0,0.7,1,49.8059496796178,64.880520736181,0.758879248778012,0.750000735721012,0.85,0.968459929059837,0.228781590921139,0.85,0.85,0.900085213430627,0.758576059101708,0.141509154328919,360.406706811281,473.133685543618,543.682415466848,653.568274764092,48.0265399152369,61.4317363874067
"tmp.221",223,1,1,0.75,1,52.2622875176479,64.880520736181,0.757571022715658,0.750000735721012,0.05,0.647145941577774,0.00985002452415479,0.05,0.05,0.900085213430627,0.899787492234398,0.000297721196228951,425.812465419623,506.749046885432,606.392832032369,679.136211212597,54.1156623149923,64.7562308295269
"tmp.222",224,1,1,0.75,1,52.2622875176479,64.880520736181,0.757571022715658,0.750000735721012,0.1,0.721525398629424,0.0169079693943309,0.0999999999999999,0.0999999999999999,0.900085213430627,0.899070398510407,0.00101481492021971,416.366274374063,505.85268788692,597.932821953044,678.517271267218,53.2405196657939,64.6671720351115
"tmp.223",225,1,1,0.75,1,52.2622875176479,64.880520736181,0.757571022715658,0.750000735721012,0.15,0.766967980810894,0.0238101845892842,0.15,0.15,0.900085213430627,0.897943064790226,0.00214214864040141,410.595066437016,504.976106557161,592.764127282165,677.911987891626,52.7058459355314,64.5800782740571
"tmp.224",226,1,1,0.75,1,52.2622875176479,64.880520736181,0.757571022715658,0.750000735721012,0.2,0.799930464091116,0.0308625178433282,0.2,0.2,0.900085213430627,0.896375536687033,0.00370967674359379,406.408831060428,504.080460233897,589.0149342678,677.293540051731,52.3180120350771,64.4910902883228
"tmp.225",227,1,1,0.75,1,52.2622875176479,64.880520736181,0.757571022715658,0.750000735721012,0.25,0.825843435587422,0.0382161762022379,0.25,0.25,0.900085213430627,0.894322263596028,0.00576294983459946,403.117883680397,503.146545622316,586.067561313844,676.648667785551,52.013122117581,64.3983001121406
"tmp.226",228,1,1,0.75,1,52.2622875176479,64.880520736181,0.757571022715658,0.750000735721012,0.3,0.847205218447229,0.0459828749177331,0.3,0.3,0.900085213430627,0.891723981530439,0.00836123190018856,400.404937257202,502.160174885448,583.637846101204,675.967574327446,51.7617811158505,64.3002980964104
"tmp.227",229,1,1,0.75,1,52.2622875176479,64.880520736181,0.757571022715658,0.750000735721012,0.35,0.865380825373633,0.0542666679521398,0.35,0.35,0.900085213430627,0.888506066219484,0.0115791472111433,398.096635177549,501.108133170078,581.570530421708,675.241134761459,51.5479284013125,64.1957712639682
"tmp.228",230,1,1,0.75,1,52.2622875176479,64.880520736181,0.757571022715658,0.750000735721012,0.4,0.881201242502669,0.0631786504197565,0.4,0.4,0.900085213430627,0.88457487905785,0.0155103343727769,396.087442202161,499.976311396691,579.771096899656,674.459606704327,51.3617866585983,64.0833177907523
"tmp.229",231,1,1,0.75,1,52.2622875176479,64.880520736181,0.757571022715658,0.750000735721012,0.45,0.895212061260956,0.0728476247085903,0.45,0.45,0.900085213430627,0.879811969131562,0.0202732442990654,394.308068219859,498.748351662009,578.17748930136,673.611694949803,51.1969365033054,63.9613124181918
"tmp.230",232,1,1,0.75,1,52.2622875176479,64.880520736181,0.757571022715658,0.750000735721012,0.5,0.907792478722478,0.0834312829725975,0.5,0.5,0.900085213430627,0.874065269353801,0.0260199440768263,392.710355202245,497.40422706248,576.746577289557,672.683570830342,51.0489163334667,63.8277653499113
"tmp.231",233,0,0,0.75,1,52.2622875176479,64.880520736181,0.757571022715658,0.750000735721012,0.55,0.919218444391501,0.0951309209861149,0.55,0.55,0.900085213430627,0.867135579088026,0.0329496343426015,391.259257562279,495.918373034763,575.446974031377,671.657581899252,50.9144793496326,63.6801365888844
"tmp.232",234,0,0,0.75,1,52.2622875176479,64.880520736181,0.757571022715658,0.750000735721012,0.6,0.929699027906371,0.108213391396971,0.6,0.6,0.900085213430627,0.8587551455599,0.0413300678707273,389.928223455891,494.256899292585,574.254899691396,670.510326760473,50.7911656554229,63.5150589261656
"tmp.233",235,0,0,0.75,1,52.2622875176479,64.880520736181,0.757571022715658,0.750000735721012,0.65,0.93939899430083,0.12304666567733,0.65,0.65,0.900085213430627,0.848552174415975,0.0515330390146518,388.696327723795,492.373073458979,573.151613693903,669.209536496203,50.6770366388359,63.3278892119016
"tmp.234",236,0,0,0.75,1,52.2622875176479,64.880520736181,0.757571022715658,0.750000735721012,0.7,0.948454102453108,0.140161786898036,0.7,0.7,0.900085213430627,0.835988510078855,0.0640967033517721,387.546328988455,490.199453063949,572.12167465866,667.708641775663,50.5704949719391,63.1119266207752
"tmp.235",237,0,0,0.75,1,52.2622875176479,64.880520736181,0.757571022715658,0.750000735721012,0.75,0.956982996977274,0.160369918514287,0.75,0.75,0.900085213430627,0.820241635582198,0.0798435778484289,386.463159383886,487.633020348686,571.151587802691,665.93650837014,50.4701446918419,62.8569357031306
"tmp.236",238,0,0,0.75,1,52.2622875176479,64.880520736181,0.757571022715658,0.750000735721012,0.8,0.965098999332066,0.185007497638988,0.8,0.8,0.900085213430627,0.799957546510347,0.10012766692028,385.432427084828,484.504047799849,570.228463805191,663.775938663488,50.3746524674668,62.546052983795
"tmp.237",239,0,0,0.75,1,52.2622875176479,64.880520736181,0.757571022715658,0.750000735721012,0.85,0.972927093090245,0.216528732074165,0.85,0.85,0.900085213430627,0.772654074931965,0.127431138498662,384.438259177539,480.500851026581,569.338086882298,661.011713173141,50.2825477522502,62.1483106963559
"tmp.238",240,1,1,0.8,1,54.6941885271199,64.880520736181,0.756398443800638,0.750000735721012,0.05,0.740193979207974,0.0149968798199711,0.05,0.05,0.900085213430627,0.899683510243744,0.000401703186883262,432.79629171247,506.476317010291,615.644866981247,679.09819967393,54.7710518513955,64.7277575362354
"tmp.239",241,1,1,0.8,1,54.6941885271199,64.880520736181,0.756398443800638,0.750000735721012,0.1,0.795482944163824,0.0233770082497206,0.0999999999999999,0.0999999999999999,0.900085213430627,0.89883382258154,0.00125139084908743,427.178932872955,505.624895961828,610.837845046253,678.594281349506,54.2512568793302,64.6423947640954
"tmp.240",242,1,1,0.8,1,54.6941885271199,64.880520736181,0.756398443800638,0.750000735721012,0.15,0.8284743845567,0.0310232951227628,0.15,0.15,0.900085213430627,0.897584264793114,0.00250094863751305,423.827002529039,504.848033215527,607.969450281362,678.134490774526,53.9410903777308,64.5645071458408
"tmp.241",243,1,1,0.8,1,54.6941885271199,64.880520736181,0.756398443800638,0.750000735721012,0.2,0.852117828341544,0.0384839511512656,0.2,0.2,0.900085213430627,0.895924140110173,0.00416107332045434,421.424828640499,504.090030563031,605.913804041949,677.685862651878,53.7188083507208,64.4885104250369
"tmp.242",244,1,1,0.8,1,54.6941885271199,64.880520736181,0.756398443800638,0.750000735721012,0.25,0.870577549259528,0.045995169638759,0.25,0.25,0.900085213430627,0.893824272587537,0.00626094084309015,419.549320995232,503.326890764702,604.308849356372,677.234194080648,53.5452606974674,64.4119986582285
"tmp.243",245,1,1,0.8,1,54.6941885271199,64.880520736181,0.756398443800638,0.750000735721012,0.3,0.885738080900483,0.0537047988810055,0.3,0.3,0.900085213430627,0.891241885773922,0.00884332765670515,418.009010980511,502.54359243369,602.990738080416,676.770594568749,53.4027301196731,64.3334658135583
"tmp.244",246,1,1,0.8,1,54.6941885271199,64.880520736181,0.756398443800638,0.750000735721012,0.35,0.898616917113282,0.061730686073604,0.35,0.35,0.900085213430627,0.888120452323196,0.0119647611074309,416.700521221291,501.728162294922,601.871005630703,676.287977666155,53.2816507267995,64.251711460342
"tmp.245",247,1,1,0.8,1,54.6941885271199,64.880520736181,0.756398443800638,0.750000735721012,0.4,0.909828032385398,0.0701843367866595,0.4,0.4,0.900085213430627,0.884387283118029,0.0156979303125977,415.561471909644,500.869271382475,600.896270851858,675.779638260823,53.1762502846978,64.1655997657995
"tmp.246",248,1,1,0.8,1,54.6941885271199,64.880520736181,0.756398443800638,0.750000735721012,0.45,0.919772017103837,0.0791847424062019,0.45,0.45,0.900085213430627,0.879949130788025,0.0201360826426022,414.55116306225,499.95483017153,600.03170497147,675.23842109966,53.0827626735069,64.0739186441425
"tmp.247",249,1,1,0.8,1,54.6941885271199,64.880520736181,0.756398443800638,0.750000735721012,0.5,0.928726291831169,0.0888700517669256,0.5,0.5,0.900085213430627,0.874685241338962,0.0253999720916648,413.641408749953,498.97080274048,599.253188045704,674.656018943715,52.9985797450423,63.9752608654466
"tmp.248",250,0,0,0.8,1,54.6941885271199,64.880520736181,0.756398443800638,0.750000735721012,0.55,0.936892692892759,0.0994109438198812,0.55,0.55,0.900085213430627,0.868436521463344,0.0316486919672835,412.811702402096,497.8998481079,598.543171696793,674.022168435841,52.9218039505403,63.8678878372154
"tmp.249",251,0,0,0.8,1,54.6941885271199,64.880520736181,0.756398443800638,0.750000735721012,0.6,0.94442482987741,0.111029302263917,0.6,0.6,0.900085213430627,0.860988252422038,0.0390969610085889,412.046437284455,496.719422889986,597.888300553311,673.323527147852,52.8509911412092,63.7495393783805
"tmp.250",252,0,0,0.8,1,54.6941885271199,64.880520736181,0.756398443800638,0.750000735721012,0.65,0.951445186254882,0.124027660793527,0.65,0.65,0.900085213430627,0.852041331039404,0.0480438823912228,411.333169076504,495.398789663378,597.277925460832,672.541902963282,52.7849897980835,63.6171337802254
"tmp.251",253,0,0,0.8,1,54.6941885271199,64.880520736181,0.756398443800638,0.750000735721012,0.7,0.958057013931353,0.138840015908002,0.7,0.7,0.900085213430627,0.841161612550854,0.0589236008797728,410.661407384575,493.893854383747,596.703069326401,671.651198574605,52.7228292062704,63.4662502102308
"tmp.252",254,0,0,0.8,1,54.6941885271199,64.880520736181,0.756398443800638,0.750000735721012,0.75,0.964354177066322,0.156127639381622,0.75,0.75,0.900085213430627,0.827683704724422,0.0724015087062049,410.021615610062,492.137431838827,596.155571261603,670.611650037,52.6636269090589,63.2901527344233
"tmp.253",255,0,0,0.8,1,54.6941885271199,64.880520736181,0.756398443800638,0.750000735721012,0.8,0.97043200604717,0.176980052093947,0.8,0.8,0.900085213430627,0.810508791359503,0.0895764220711244,409.404108185608,490.018826707255,595.627142898883,669.357741703462,52.6064866651089,63.0777431311751
"tmp.254",256,0,0,0.8,1,54.6941885271199,64.880520736181,0.756398443800638,0.750000735721012,0.85,0.976404783174849,0.203402491258422,0.85,0.85,0.900085213430627,0.787614347962348,0.112470865468279,408.797274029435,487.334306888144,595.107848123,667.768893587045,52.5503340581156,62.8085953880721
"tmp.255",257,1,1,0.85,1,57.1048309659657,64.880520736181,0.755340729414927,0.750000735721012,0.05,0.817911405568002,0.0223307129132818,0.05,0.05,0.900085213430627,0.899569596672381,0.00051561675824574,445.675150895718,506.298399676008,630.653496857025,679.267286529943,55.9608971016347,64.7068840402196
"tmp.256",258,1,1,0.85,1,57.1048309659657,64.880520736181,0.755340729414927,0.750000735721012,0.1,0.855439453743911,0.0317829803752449,0.1,0.1,0.900085213430627,0.898608243005705,0.0014769704249219,442.815513624714,505.578136895406,628.389342164163,678.957139526627,55.6961978916398,64.6333861408102
"tmp.257",259,1,1,0.85,1,57.1048309659657,64.880520736181,0.755340729414927,0.750000735721012,0.15,0.877589691780931,0.0398661232321382,0.15,0.15,0.900085213430627,0.897280890218758,0.00280432321186885,441.127665486293,504.962201409711,627.052966630737,678.691916124462,55.5399640666854,64.5705341295867
"tmp.258",260,1,1,0.85,1,57.1048309659657,64.880520736181,0.755340729414927,0.750000735721012,0.2,0.893408277121806,0.047419701591472,0.2,0.2,0.900085213430627,0.895591893989179,0.00449331944144793,439.922289283318,504.38661873873,626.098594475113,678.444068747958,55.4283897310487,64.5117998476095
"tmp.259",261,1,1,0.85,1,57.1048309659657,64.880520736181,0.755340729414927,0.750000735721012,0.25,0.905756582966712,0.0547776638532629,0.25,0.25,0.900085213430627,0.893525394640649,0.00655981878997813,438.981348377937,503.825942014381,625.35359237704,678.20263991036,55.3412925607776,64.4545866157209
"tmp.260",262,1,1,0.85,1,57.1048309659657,64.880520736181,0.755340729414927,0.750000735721012,0.3,0.915916683747666,0.062128911979574,0.3,0.3,0.900085213430627,0.891052525681969,0.00903268774865817,438.207148698428,503.265776907156,624.740609795177,677.96143137641,55.2696296105068,64.3974255908668
"tmp.261",263,1,1,0.85,1,57.1048309659657,64.880520736181,0.755340729414927,0.750000735721012,0.35,0.924576202863284,0.0696076333928094,0.35,0.35,0.900085213430627,0.888132456616735,0.0119527568138925,437.547293341818,502.695898335468,624.21816080578,677.716040199712,55.2085508179702,64.3392733732796
"tmp.262",264,1,1,0.85,1,57.1048309659657,64.880520736181,0.755340729414927,0.750000735721012,0.4,0.932148322334057,0.0773275422585564,0.4,0.4,0.900085213430627,0.884711037938181,0.0153741754924465,436.970297838145,502.107641279898,623.76131717367,677.462735200651,55.1551418574907,64.2792457568852
"tmp.263",265,1,1,0.85,1,57.1048309659657,64.880520736181,0.755340729414927,0.750000735721012,0.45,0.938902140642947,0.085399501878344,0.45,0.45,0.900085213430627,0.88071765582071,0.0193675576099175,436.455656883007,501.49255795687,623.353843559612,677.197878741918,55.1075046778955,64.2164807030441
"tmp.264",266,1,1,0.85,1,57.1048309659657,64.880520736181,0.755340729414927,0.750000735721012,0.5,0.945024232238615,0.0939440110584526,0.5,0.5,0.900085213430627,0.876059988792882,0.0240252246377448,435.989153503418,500.841466357346,622.98448349187,676.91751702684,55.0643233005616,64.1500412504208
"tmp.265",267,1,1,0.85,1,57.1048309659657,64.880520736181,0.755340729414927,0.750000735721012,0.55,0.950651060687622,0.10310347065089,0.55,0.55,0.900085213430627,0.870615682680079,0.0294695307505486,435.560389175603,500.143515536402,622.645003805129,676.616977610661,55.0246351974594,64.0788201341672
"tmp.266",268,0,0,0.85,1,57.1048309659657,64.880520736181,0.755340729414927,0.750000735721012,0.6,0.955887686608882,0.113057816606521,0.6,0.6,0.900085213430627,0.864218965286618,0.0358662481440096,435.161358280403,499.384994374583,622.329065947162,676.290356450127,54.9876993371691,64.0014182281508
"tmp.267",269,0,0,0.85,1,57.1048309659657,64.880520736181,0.755340729414927,0.750000735721012,0.65,0.960819657448428,0.124048146712587,0.65,0.65,0.900085213430627,0.856638293829303,0.0434469196013243,434.78554210243,498.547531220501,622.031508640982,675.929742664962,54.9529123218991,63.9159608307738
"tmp.268",270,0,0,0.85,1,57.1048309659657,64.880520736181,0.755340729414927,0.750000735721012,0.7,0.965521645237603,0.136416810260817,0.7,0.7,0.900085213430627,0.847536888731748,0.0525483246988787,434.427250632895,497.605039058126,621.747826748741,675.52390311906,54.9197474621823,63.8197859401506
"tmp.269",271,0,0,0.85,1,57.1048309659657,64.880520736181,0.755340729414927,0.750000735721012,0.75,0.970065245903269,0.150682581931391,0.75,0.75,0.900085213430627,0.836397628026657,0.0636875854039702,434.081028262171,496.517987256828,621.473700721152,675.055815821338,54.8876997654543,63.7088597253074
"tmp.270",272,0,0,0.85,1,57.1048309659657,64.880520736181,0.755340729414927,0.750000735721012,0.8,0.974528680259339,0.167698243240717,0.8,0.8,0.900085213430627,0.8223648590037,0.0777203544269273,433.740914564238,495.221393865057,621.204411314034,674.497499376552,54.8562175113713,63.5765512217311
"tmp.271",273,0,0,0.85,1,57.1048309659657,64.880520736181,0.755340729414927,0.750000735721012,0.85,0.979014123876211,0.189033491018027,0.85,0.85,0.900085213430627,0.803859685324497,0.0962255281061304,433.399123760633,493.595647984426,620.933794036868,673.797449024638,54.8245800178278,63.410654953844
"tmp.272",274,1,1,0.9,1,59.4969659165409,64.880520736181,0.754381657954888,0.750000735721012,0.05,0.880194728654835,0.0330751299287187,0.05,0.05,0.900085213430627,0.899456343223623,0.000628870207004306,463.286107784334,506.319783399621,650.17846790349,679.811436933085,57.5759429445559,64.702458961043
"tmp.273",275,1,1,0.9,1,59.4969659165409,64.880520736181,0.754381657954888,0.750000735721012,0.1,0.902694983509826,0.0430532606649999,0.0999999999999999,0.0999999999999999,0.900085213430627,0.898425634340932,0.0016595790896955,462.143094837701,505.812894358218,649.41614560083,679.754551081456,57.4697553710517,64.6487411472267
"tmp.274",276,1,1,0.9,1,59.4969659165409,64.880520736181,0.754381657954888,0.750000735721012,0.15,0.916016781301988,0.051066739802821,0.15,0.15,0.900085213430627,0.897089172154417,0.00299604127620989,461.466347509859,505.405809618017,648.964794999072,679.708865812611,57.4068845550818,64.6056001429922
"tmp.275",277,1,1,0.9,1,59.4969659165409,64.880520736181,0.754381657954888,0.750000735721012,0.2,0.925589002499467,0.0582471177752423,0.2,0.2,0.900085213430627,0.895460507446942,0.00462470598368492,460.980078673027,505.041046417018,648.640482330088,679.667930097619,57.3617094693525,64.5669441845519
"tmp.276",278,1,1,0.9,1,59.4969659165409,64.880520736181,0.754381657954888,0.750000735721012,0.25,0.93311705228564,0.0650193254694421,0.25,0.25,0.900085213430627,0.893533521900241,0.00655169153038604,460.597653743889,504.697018266152,648.385427430287,679.629321382994,57.3261816344384,64.5304856331802
"tmp.277",279,1,1,0.9,1,59.4969659165409,64.880520736181,0.754381657954888,0.750000735721012,0.3,0.939362628407671,0.0716079391204972,0.3,0.3,0.900085213430627,0.891290652876247,0.00879456055438055,460.28037847689,504.362316692679,648.173823517288,679.591759347729,57.2967062983674,64.4950154704043
"tmp.278",280,1,1,0.9,1,59.4969659165409,64.880520736181,0.754381657954888,0.750000735721012,0.35,0.944733852052283,0.0781596724325486,0.35,0.35,0.900085213430627,0.888704638636457,0.0113805747941701,460.007520315744,504.029488640427,647.991843197365,679.55440756923,57.2713573763553,64.4597438549553
"tmp.279",281,1,1,0.9,1,59.4969659165409,64.880520736181,0.754381657954888,0.750000735721012,0.4,0.949476236479451,0.0847878242905857,0.4,0.4,0.900085213430627,0.885737973570439,0.0143472398601882,459.766607186844,503.692778526038,647.831168332128,679.516620124554,57.2489761945336,64.4240608360746
"tmp.280",282,1,1,0.9,1,59.4969659165409,64.880520736181,0.754381657954888,0.750000735721012,0.45,0.953750301292762,0.0915934051681793,0.45,0.45,0.900085213430627,0.882340860782591,0.017744352648036,459.549484694328,503.347055017457,647.686360419898,679.477821147644,57.2288051976071,64.3874226183406
"tmp.281",283,1,1,0.9,1,59.4969659165409,64.880520736181,0.754381657954888,0.750000735721012,0.5,0.957668218695279,0.0986782600847957,0.5,0.5,0.900085213430627,0.878447556119397,0.0216376573112298,459.35045449028,502.987144387692,647.553618998293,679.43743001465,57.2103150007251,64.3492809135078
"tmp.282",284,1,1,0.9,1,59.4969659165409,64.880520736181,0.754381657954888,0.750000735721012,0.55,0.961313185040506,0.106156137635278,0.55,0.55,0.900085213430627,0.873970440979066,0.0261147724515615,459.165290199942,502.607268208128,647.430125324318,679.394798238812,57.1931129674949,64.3090233497802
"tmp.283",285,0,0,0.9,1,59.4969659165409,64.880520736181,0.754381657954888,0.750000735721012,0.6,0.964750751109915,0.114165257004183,0.6,0.6,0.900085213430627,0.868790418102438,0.0312947953281891,458.990661843616,502.200404944188,647.313658497677,679.34913782524,57.1768897379349,64.2659058166007
"tmp.284",286,0,0,0.9,1,59.4969659165409,64.880520736181,0.754381657954888,0.750000735721012,0.65,0.968036274766315,0.122886147720857,0.65,0.65,0.900085213430627,0.862740821586616,0.0373443918440115,458.823757241871,501.757383695781,647.202342960349,679.299419565529,57.1613840564654,64.2189564233514
"tmp.285",287,0,0,0.9,1,59.4969659165409,64.880520736181,0.754381657954888,0.750000735721012,0.7,0.971220753651009,0.132571093295826,0.7,0.7,0.900085213430627,0.855578964732173,0.0445062486984538,458.661985714529,501.265388460572,647.094450881269,679.244205178029,57.146355245111,64.1668169879233
"tmp.286",288,0,0,0.9,1,59.4969659165409,64.880520736181,0.754381657954888,0.750000735721012,0.75,0.97435678083935,0.14359875133196,0.75,0.75,0.900085213430627,0.846931942548844,0.0531532708817831,458.502675533361,500.705183432336,646.988200375093,679.181335915696,57.1315550964141,64.1074489863535
"tmp.287",289,0,0,0.9,1,59.4969659165409,64.880520736181,0.754381657954888,0.750000735721012,0.8,0.977507021650924,0.156588252756079,0.8,0.8,0.900085213430627,0.836182374728275,0.0639028387023526,458.342643300133,500.045316759991,646.881468302728,679.107282080336,57.1166878680253,64.037519293357
"tmp.288",290,0,0,0.9,1,59.4969659165409,64.880520736181,0.754381657954888,0.750000735721012,0.85,0.980760860480028,0.172676368304286,0.85,0.85,0.900085213430627,0.822190190042137,0.0778950233884901,458.177348287615,499.228040490142,646.771226266597,679.015562881797,57.1013317197477,63.9509080413585
